"brand","month","product_id","quantity","channel"
"G2G","2025-07","GLAD2GLOW艾草淨膚泥膜棒25g","43739","POYA"
"G2G","2025-07","GLAD2GLOW紅石榴淨化透亮泥膜棒25g","20610","POYA"
"G2G","2025-07","GLAD2GLOW紅石榴透亮保濕面霜30g","22274","POYA"
"G2G","2025-07","GLAD2GLOW紅石榴透亮精華17ml","18648","POYA"
"G2G","2025-07","GLAD2GLOW火山泥潔淨泥膜棒25g","43510","POYA"
"G2G","2025-07","GLAD2GLOW牛奶潔面乳80g","7786","POYA"
"G2G","2025-07","GLAD2GLOW柔嫩淨膚精華15ml","9324","POYA"
"G2G","2025-07","GLAD2GLOW視黃醇精華17ml","13209","POYA"
"G2G","2025-07","GLAD2GLOW視黃醇面霜30g","21497","POYA"
"G2G","2025-07","GLAD2GLOW絲絨粉餅8.5g-00","2632","POYA"
"G2G","2025-07","GLAD2GLOW絲絨粉餅8.5g-01","3619","POYA"
"G2G","2025-07","GLAD2GLOW絲絨粉餅8.5g-02","3619","POYA"
"G2G","2025-07","GLAD2GLOW絲絨粉餅8.5g-03","4606","POYA"
"G2G","2025-07","GLAD2GLOW完美氣墊粉底11g-00N","4788","POYA"
"G2G","2025-07","GLAD2GLOW完美氣墊粉底11g-01N","4389","POYA"
"G2G","2025-07","GLAD2GLOW完美氣墊粉底11g-01W","1596","POYA"
"G2G","2025-07","GLAD2GLOW完美氣墊粉底11g-02N","5187","POYA"
"G2G","2025-07","GLAD2GLOW完美氣墊粉底11g-02W","4788","POYA"
"G2G","2025-07","GLAD2GLOW完美氣墊粉底11g-03N","4389","POYA"
"G2G","2025-07","GLAD2GLOW完美氣墊粉底11g-04N","3990","POYA"
"G2G","2025-07","GLAD2GLOW櫻花卸妝水300ml","20610","POYA"
"G2G","2025-08","GLAD2GLOW 377淨透煥采面霜30g","2331","POYA"
"G2G","2025-08","GLAD2GLOW艾草淨膚泥膜棒25g","140148","POYA"
"G2G","2025-08","GLAD2GLOW紅石榴淨化透亮泥膜棒25g","78776","POYA"
"G2G","2025-08","GLAD2GLOW紅石榴透亮保濕面霜30g","106708","POYA"
"G2G","2025-08","GLAD2GLOW紅石榴透亮精華17ml","86506","POYA"
"G2G","2025-08","GLAD2GLOW火山泥潔淨泥膜棒25g","133736","POYA"
"G2G","2025-08","GLAD2GLOW積雪草化妝水80ml","518","POYA"
"G2G","2025-08","GLAD2GLOW積雪草淨化調理潔面凝露70ml","916","POYA"
"G2G","2025-08","GLAD2GLOW淨化調理面霜30g","1036","POYA"
"G2G","2025-08","GLAD2GLOW淨透377柚光精華17ml","2072","POYA"
"G2G","2025-08","GLAD2GLOW藍莓保濕面霜30g","2331","POYA"
"G2G","2025-08","GLAD2GLOW藍莓潔面乳70ml","1374","POYA"
"G2G","2025-08","GLAD2GLOW牛奶潔面乳80g","31602","POYA"
"G2G","2025-08","GLAD2GLOW柔嫩淨膚精華15ml","65786","POYA"
"G2G","2025-08","GLAD2GLOW視黃醇精華17ml","43771","POYA"
"G2G","2025-08","GLAD2GLOW視黃醇面霜30g","48433","POYA"
"G2G","2025-08","GLAD2GLOW舒緩保濕凝露30g","1374","POYA"
"G2G","2025-08","GLAD2GLOW舒緩保濕凝露55g","2849","POYA"
"G2G","2025-08","GLAD2GLOW絲絨粉餅8.5g-00","37177","POYA"
"G2G","2025-08","GLAD2GLOW絲絨粉餅8.5g-01","45402","POYA"
"G2G","2025-08","GLAD2GLOW絲絨粉餅8.5g-02","50008","POYA"
"G2G","2025-08","GLAD2GLOW絲絨粉餅8.5g-03","29281","POYA"
"G2G","2025-08","GLAD2GLOW完美氣墊粉底11g-00N","68628","POYA"
"G2G","2025-08","GLAD2GLOW完美氣墊粉底11g-01N","57456","POYA"
"G2G","2025-08","GLAD2GLOW完美氣墊粉底11g-01W","50673","POYA"
"G2G","2025-08","GLAD2GLOW完美氣墊粉底11g-02N","55461","POYA"
"G2G","2025-08","GLAD2GLOW完美氣墊粉底11g-02W","44289","POYA"
"G2G","2025-08","GLAD2GLOW完美氣墊粉底11g-03N","52269","POYA"
"G2G","2025-08","GLAD2GLOW完美氣墊粉底11g-04N","30723","POYA"
"G2G","2025-08","GLAD2GLOW櫻花卸妝水300ml","50151","POYA"
"G2G","2025-09","GLAD2GLOW 377淨透煥采面霜30g","17686","POYA"
"G2G","2025-09","GLAD2GLOW艾草淨膚泥膜棒25g","114741","POYA"
"G2G","2025-09","GLAD2GLOW紅石榴淨化透亮泥膜棒25g","77121","POYA"
"G2G","2025-09","GLAD2GLOW紅石榴透亮保濕面霜30g","336990","POYA"
"G2G","2025-09","GLAD2GLOW紅石榴透亮精華17ml","152004","POYA"
"G2G","2025-09","GLAD2GLOW火山泥潔淨泥膜棒25g","125609","POYA"
"G2G","2025-09","GLAD2GLOW積雪草化妝水80ml","16013","POYA"
"G2G","2025-09","GLAD2GLOW積雪草淨化調理潔面凝露70ml","11077","POYA"
"G2G","2025-09","GLAD2GLOW淨化調理面霜30g","17208","POYA"
"G2G","2025-09","GLAD2GLOW淨透377柚光精華17ml","18164","POYA"
"G2G","2025-09","GLAD2GLOW藍莓保濕面霜30g","14579","POYA"
"G2G","2025-09","GLAD2GLOW藍莓潔面乳70ml","7524","POYA"
"G2G","2025-09","GLAD2GLOW牛奶潔面乳80g","60192","POYA"
"G2G","2025-09","GLAD2GLOW柔嫩淨膚精華15ml","499032","POYA"
"G2G","2025-09","GLAD2GLOW視黃醇精華17ml","159891","POYA"
"G2G","2025-09","GLAD2GLOW視黃醇面霜30g","84315","POYA"
"G2G","2025-09","GLAD2GLOW舒緩保濕凝露30g","7106","POYA"
"G2G","2025-09","GLAD2GLOW舒緩保濕凝露55g","21271","POYA"
"G2G","2025-09","GLAD2GLOW絲絨粉餅8.5g-00","76657","POYA"
"G2G","2025-09","GLAD2GLOW絲絨粉餅8.5g-01","90804","POYA"
"G2G","2025-09","GLAD2GLOW絲絨粉餅8.5g-02","109228","POYA"
"G2G","2025-09","GLAD2GLOW絲絨粉餅8.5g-03","73696","POYA"
"G2G","2025-09","GLAD2GLOW完美氣墊粉底11g-00N","142044","POYA"
"G2G","2025-09","GLAD2GLOW完美氣墊粉底11g-01N","121695","POYA"
"G2G","2025-09","GLAD2GLOW完美氣墊粉底11g-01W","122493","POYA"
"G2G","2025-09","GLAD2GLOW完美氣墊粉底11g-02N","105336","POYA"
"G2G","2025-09","GLAD2GLOW完美氣墊粉底11g-02W","102144","POYA"
"G2G","2025-09","GLAD2GLOW完美氣墊粉底11g-03N","110124","POYA"
"G2G","2025-09","GLAD2GLOW完美氣墊粉底11g-04N","96159","POYA"
"G2G","2025-09","GLAD2GLOW櫻花卸妝水300ml","76494","POYA"
"G2G","2025-10","G2G-202","19","Watsons"
"G2G","2025-10","G2G-208","2","Watsons"
"G2G","2025-10","G2G-212","9","Watsons"
"G2G","2025-10","G2G-214","25","Watsons"
"G2G","2025-10","G2G-215","17","Watsons"
"G2G","2025-10","G2G-248","18","Watsons"
"G2G","2025-10","G2G-249","5","Watsons"
"G2G","2025-10","G2G-250","13","Watsons"
"G2G","2025-10","G2G-39","5","Watsons"
"G2G","2025-10","GLAD2GLOW 377淨透煥采面霜30g","90353","POYA"
"G2G","2025-10","GLAD2GLOW艾草淨膚泥膜棒25g","232139","POYA"
"G2G","2025-10","GLAD2GLOW紅石榴淨化透亮泥膜棒25g","180702","POYA"
"G2G","2025-10","GLAD2GLOW紅石榴透亮保濕面霜30g","1143348","POYA"
"G2G","2025-10","GLAD2GLOW紅石榴透亮精華17ml","598133","POYA"
"G2G","2025-10","GLAD2GLOW火山泥潔淨泥膜棒25g","263754","POYA"
"G2G","2025-10","GLAD2GLOW積雪草化妝水80ml","73551","POYA"
"G2G","2025-10","GLAD2GLOW積雪草淨化調理潔面凝露70ml","52715","POYA"
"G2G","2025-10","GLAD2GLOW淨化調理面霜30g","89517","POYA"
"G2G","2025-10","GLAD2GLOW淨透377柚光精華17ml","91687","POYA"
"G2G","2025-10","GLAD2GLOW藍莓保濕面霜30g","161046","POYA"
"G2G","2025-10","GLAD2GLOW藍莓潔面乳70ml","43363","POYA"
"G2G","2025-10","GLAD2GLOW牛奶潔面乳80g","523004","POYA"
"G2G","2025-10","GLAD2GLOW柔嫩淨膚精華15ml","557192","POYA"
"G2G","2025-10","GLAD2GLOW視黃醇精華17ml","327091","POYA"
"G2G","2025-10","GLAD2GLOW視黃醇面霜30g","174543","POYA"
"G2G","2025-10","GLAD2GLOW舒緩保濕凝露30g","54259","POYA"
"G2G","2025-10","GLAD2GLOW舒緩保濕凝露55g","98397","POYA"
"G2G","2025-10","GLAD2GLOW絲絨粉餅8.5g-00","131929","POYA"
"G2G","2025-10","GLAD2GLOW絲絨粉餅8.5g-01","160552","POYA"
"G2G","2025-10","GLAD2GLOW絲絨粉餅8.5g-02","183911","POYA"
"G2G","2025-10","GLAD2GLOW絲絨粉餅8.5g-03","120414","POYA"
"G2G","2025-10","GLAD2GLOW完美氣墊粉底11g-00N","802788","POYA"
"G2G","2025-10","GLAD2GLOW完美氣墊粉底11g-01N","697851","POYA"
"G2G","2025-10","GLAD2GLOW完美氣墊粉底11g-01W","615657","POYA"
"G2G","2025-10","GLAD2GLOW完美氣墊粉底11g-02N","515907","POYA"
"G2G","2025-10","GLAD2GLOW完美氣墊粉底11g-02W","493563","POYA"
"G2G","2025-10","GLAD2GLOW完美氣墊粉底11g-03N","345135","POYA"
"G2G","2025-10","GLAD2GLOW完美氣墊粉底11g-04N","213066","POYA"
"G2G","2025-10","GLAD2GLOW櫻花卸妝水300ml","156106","POYA"
"G2G","2025-11","G2G-202","148","Watsons"
"G2G","2025-11","G2G-208","87","Watsons"
"G2G","2025-11","G2G-212","105","Watsons"
"G2G","2025-11","G2G-214","154","Watsons"
"G2G","2025-11","G2G-215","119","Watsons"
"G2G","2025-11","G2G-248","210","Watsons"
"G2G","2025-11","G2G-249","38","Watsons"
"G2G","2025-11","G2G-250","106","Watsons"
"G2G","2025-11","G2G-39","43","Watsons"
"G2G","2025-11","GLAD2GLOW 377淨透煥采面霜30g","87801","POYA"
"G2G","2025-11","GLAD2GLOW艾草淨膚泥膜棒25g","427869","POYA"
"G2G","2025-11","GLAD2GLOW紅石榴淨化透亮泥膜棒25g","109004","POYA"
"G2G","2025-11","GLAD2GLOW紅石榴透亮保濕面霜30g","1391089","POYA"
"G2G","2025-11","GLAD2GLOW紅石榴透亮精華17ml","377363","POYA"
"G2G","2025-11","GLAD2GLOW火山泥潔淨泥膜棒25g","163506","POYA"
"G2G","2025-11","GLAD2GLOW積雪草化妝水80ml","61124","POYA"
"G2G","2025-11","GLAD2GLOW積雪草淨化調理潔面凝露70ml","43739","POYA"
"G2G","2025-11","GLAD2GLOW淨化調理面霜30g","73803","POYA"
"G2G","2025-11","GLAD2GLOW淨透377柚光精華17ml","99645","POYA"
"G2G","2025-11","GLAD2GLOW藍莓保濕面霜30g","132090","POYA"
"G2G","2025-11","GLAD2GLOW藍莓潔面乳70ml","37327","POYA"
"G2G","2025-11","GLAD2GLOW牛奶潔面乳80g","292204","POYA"
"G2G","2025-11","GLAD2GLOW柔嫩淨膚精華15ml","303289","POYA"
"G2G","2025-11","GLAD2GLOW視黃醇精華17ml","194768","POYA"
"G2G","2025-11","GLAD2GLOW視黃醇面霜30g","145299","POYA"
"G2G","2025-11","GLAD2GLOW舒緩保濕凝露30g","30915","POYA"
"G2G","2025-11","GLAD2GLOW舒緩保濕凝露55g","86765","POYA"
"G2G","2025-11","GLAD2GLOW絲絨粉餅8.5g-00","136989","POYA"
"G2G","2025-11","GLAD2GLOW絲絨粉餅8.5g-01","162378","POYA"
"G2G","2025-11","GLAD2GLOW絲絨粉餅8.5g-02","174375","POYA"
"G2G","2025-11","GLAD2GLOW絲絨粉餅8.5g-03","130572","POYA"
"G2G","2025-11","GLAD2GLOW完美氣墊粉底11g-00N","556306","POYA"
"G2G","2025-11","GLAD2GLOW完美氣墊粉底11g-01N","758377","POYA"
"G2G","2025-11","GLAD2GLOW完美氣墊粉底11g-01W","696953","POYA"
"G2G","2025-11","GLAD2GLOW完美氣墊粉底11g-02N","530829","POYA"
"G2G","2025-11","GLAD2GLOW完美氣墊粉底11g-02W","520359","POYA"
"G2G","2025-11","GLAD2GLOW完美氣墊粉底11g-03N","322476","POYA"
"G2G","2025-11","GLAD2GLOW完美氣墊粉底11g-04N","196836","POYA"
"G2G","2025-11","GLAD2GLOW櫻花卸妝水300ml","112439","POYA"
"G2G","2025-12","G2G-202","217","Watsons"
"G2G","2025-12","G2G-208","236","Watsons"
"G2G","2025-12","G2G-212","131","Watsons"
"G2G","2025-12","G2G-214","243","Watsons"
"G2G","2025-12","G2G-215","223","Watsons"
"G2G","2025-12","G2G-248","267","Watsons"
"G2G","2025-12","G2G-249","57","Watsons"
"G2G","2025-12","G2G-250","100","Watsons"
"G2G","2025-12","G2G-39","85","Watsons"
"G2G","2025-12","GLAD2GLOW 2合1完美氣墊粉餅11ml+8g-01","899","POYA"
"G2G","2025-12","GLAD2GLOW 377淨透煥采面霜30g","95830","POYA"
"G2G","2025-12","GLAD2GLOW艾草淨膚泥膜棒25g","165796","POYA"
"G2G","2025-12","GLAD2GLOW紅石榴淨化透亮泥膜棒25g","103737","POYA"
"G2G","2025-12","GLAD2GLOW紅石榴透亮保濕面霜30g","2368782","POYA"
"G2G","2025-12","GLAD2GLOW紅石榴透亮精華17ml","541051","POYA"
"G2G","2025-12","GLAD2GLOW火山泥潔淨泥膜棒25g","163277","POYA"
"G2G","2025-12","GLAD2GLOW積雪草化妝水80ml","69153","POYA"
"G2G","2025-12","GLAD2GLOW積雪草淨化調理潔面凝露70ml","39388","POYA"
"G2G","2025-12","GLAD2GLOW淨化調理面霜30g","70707","POYA"
"G2G","2025-12","GLAD2GLOW淨透377柚光精華17ml","83398","POYA"
"G2G","2025-12","GLAD2GLOW藍莓保濕面霜30g","113960","POYA"
"G2G","2025-12","GLAD2GLOW藍莓潔面乳70ml","36869","POYA"
"G2G","2025-12","GLAD2GLOW牛奶潔面乳80g","318997","POYA"
"G2G","2025-12","GLAD2GLOW柔嫩淨膚精華15ml","338772","POYA"
"G2G","2025-12","GLAD2GLOW視黃醇精華17ml","152292","POYA"
"G2G","2025-12","GLAD2GLOW視黃醇面霜30g","138306","POYA"
"G2G","2025-12","GLAD2GLOW舒緩保濕凝露30g","31144","POYA"
"G2G","2025-12","GLAD2GLOW舒緩保濕凝露55g","98679","POYA"
"G2G","2025-12","GLAD2GLOW絲絨粉餅8.5g-00","141141","POYA"
"G2G","2025-12","GLAD2GLOW絲絨粉餅8.5g-01","164171","POYA"
"G2G","2025-12","GLAD2GLOW絲絨粉餅8.5g-02","189504","POYA"
"G2G","2025-12","GLAD2GLOW絲絨粉餅8.5g-03","124033","POYA"
"G2G","2025-12","GLAD2GLOW完美氣墊粉底11g-00N","757701","POYA"
"G2G","2025-12","GLAD2GLOW完美氣墊粉底11g-01N","845481","POYA"
"G2G","2025-12","GLAD2GLOW完美氣墊粉底11g-01W","843227","POYA"
"G2G","2025-12","GLAD2GLOW完美氣墊粉底11g-02N","609672","POYA"
"G2G","2025-12","GLAD2GLOW完美氣墊粉底11g-02W","611940","POYA"
"G2G","2025-12","GLAD2GLOW完美氣墊粉底11g-03N","423339","POYA"
"G2G","2025-12","GLAD2GLOW完美氣墊粉底11g-04N","255759","POYA"
"G2G","2025-12","GLAD2GLOW櫻花卸妝水300ml","118393","POYA"
"G2G","2026-01","G2G-202","149","Watsons"
"G2G","2026-01","G2G-208","171","Watsons"
"G2G","2026-01","G2G-212","100","Watsons"
"G2G","2026-01","G2G-214","195","Watsons"
"G2G","2026-01","G2G-215","151","Watsons"
"G2G","2026-01","G2G-248","228","Watsons"
"G2G","2026-01","G2G-249","71","Watsons"
"G2G","2026-01","G2G-250","85","Watsons"
"G2G","2026-01","G2G-39","95","Watsons"
"G2G","2026-01","GLAD2GLOW 2合1完美氣墊粉餅11ml+8g-00","381438","POYA"
"G2G","2026-01","GLAD2GLOW 2合1完美氣墊粉餅11ml+8g-01","394961","POYA"
"G2G","2026-01","GLAD2GLOW 2合1完美氣墊粉餅11ml+8g-02","242099","POYA"
"G2G","2026-01","GLAD2GLOW 377淨透煥采面霜30g","124579","POYA"
"G2G","2026-01","GLAD2GLOW艾草淨膚泥膜棒25g","190986","POYA"
"G2G","2026-01","GLAD2GLOW嘟嘟水潤護唇精華01草莓紅7g","275080","POYA"
"G2G","2026-01","GLAD2GLOW嘟嘟水潤護唇精華02蜜桃橘7g","90597","POYA"
"G2G","2026-01","GLAD2GLOW嘟嘟水潤護唇精華03葡萄紫7g","280462","POYA"
"G2G","2026-01","GLAD2GLOW嘟嘟水潤護唇精華04透明色7g","242190","POYA"
"G2G","2026-01","GLAD2GLOW紅石榴淨化透亮泥膜棒25g","125034","POYA"
"G2G","2026-01","GLAD2GLOW紅石榴透亮保濕面霜30g","1232177","POYA"
"G2G","2026-01","GLAD2GLOW紅石榴透亮精華17ml","679098","POYA"
"G2G","2026-01","GLAD2GLOW火山泥潔淨泥膜棒25g","213199","POYA"
"G2G","2026-01","GLAD2GLOW積雪草化妝水80ml","74074","POYA"
"G2G","2026-01","GLAD2GLOW積雪草淨化調理潔面凝露70ml","49922","POYA"
"G2G","2026-01","GLAD2GLOW淨化調理面霜30g","89096","POYA"
"G2G","2026-01","GLAD2GLOW淨透377柚光精華17ml","98938","POYA"
"G2G","2026-01","GLAD2GLOW藍莓保濕面霜30g","222481","POYA"
"G2G","2026-01","GLAD2GLOW藍莓潔面乳70ml","55876","POYA"
"G2G","2026-01","GLAD2GLOW牛奶潔面乳80g","353118","POYA"
"G2G","2026-01","GLAD2GLOW柔嫩淨膚精華15ml","336441","POYA"
"G2G","2026-01","GLAD2GLOW視黃醇精華17ml","196063","POYA"
"G2G","2026-01","GLAD2GLOW視黃醇面霜30g","185703","POYA"
"G2G","2026-01","GLAD2GLOW舒緩保濕凝露30g","43281","POYA"
"G2G","2026-01","GLAD2GLOW舒緩保濕凝露55g","122248","POYA"
"G2G","2026-01","GLAD2GLOW絲絨粉餅8.5g-00","153972","POYA"
"G2G","2026-01","GLAD2GLOW絲絨粉餅8.5g-01","181279","POYA"
"G2G","2026-01","GLAD2GLOW絲絨粉餅8.5g-02","198058","POYA"
"G2G","2026-01","GLAD2GLOW絲絨粉餅8.5g-03","101661","POYA"
"G2G","2026-01","GLAD2GLOW完美氣墊粉底11g-00N","518700","POYA"
"G2G","2026-01","GLAD2GLOW完美氣墊粉底11g-01N","917700","POYA"
"G2G","2026-01","GLAD2GLOW完美氣墊粉底11g-01W","753200","POYA"
"G2G","2026-01","GLAD2GLOW完美氣墊粉底11g-02N","673911","POYA"
"G2G","2026-01","GLAD2GLOW完美氣墊粉底11g-02W","368872","POYA"
"G2G","2026-01","GLAD2GLOW完美氣墊粉底11g-03N","321594","POYA"
"G2G","2026-01","GLAD2GLOW完美氣墊粉底11g-04N","176757","POYA"
"G2G","2026-01","GLAD2GLOW櫻花卸妝水300ml","155033","POYA"
"G2G","2026-02","8809601379018","9","Cosmed"
"G2G","2026-02","8809622345665","4","Cosmed"
"G2G","2026-02","8809646665985","1","Cosmed"
"G2G","2026-02","8809652637891","1","Cosmed"
"G2G","2026-02","8809658121349","4","Cosmed"
"G2G","2026-02","8809665287342","5","Cosmed"
"G2G","2026-02","8809687005481","2","Cosmed"
"G2G","2026-02","8809698873345","2","Cosmed"
"G2G","2026-02","G2G-05","149","Watsons"
"G2G","2026-02","G2G-131","69","Watsons"
"G2G","2026-02","G2G-202","187","Watsons"
"G2G","2026-02","G2G-208","256","Watsons"
"G2G","2026-02","G2G-212","142","Watsons"
"G2G","2026-02","G2G-214","212","Watsons"
"G2G","2026-02","G2G-215","185","Watsons"
"G2G","2026-02","G2G-248","271","Watsons"
"G2G","2026-02","G2G-249","71","Watsons"
"G2G","2026-02","G2G-250","89","Watsons"
"G2G","2026-02","G2G-39","164","Watsons"
"G2G","2026-02","GLAD2GLOW 2合1完美氣墊粉餅11ml+8g-00","449108","POYA"
"G2G","2026-02","GLAD2GLOW 2合1完美氣墊粉餅11ml+8g-01","460790","POYA"
"G2G","2026-02","GLAD2GLOW 2合1完美氣墊粉餅11ml+8g-02","263494","POYA"
"G2G","2026-02","GLAD2GLOW 377淨透煥采面霜30g","109920","POYA"
"G2G","2026-02","GLAD2GLOW艾草淨膚泥膜棒25g","244872","POYA"
"G2G","2026-02","GLAD2GLOW嘟嘟水潤護唇精華01草莓紅7g","2957924","POYA"
"G2G","2026-02","GLAD2GLOW嘟嘟水潤護唇精華02蜜桃橘7g","1274522","POYA"
"G2G","2026-02","GLAD2GLOW嘟嘟水潤護唇精華03葡萄紫7g","2485291","POYA"
"G2G","2026-02","GLAD2GLOW嘟嘟水潤護唇精華04透明色7g","1634713","POYA"
"G2G","2026-02","GLAD2GLOW紅石榴淨化透亮泥膜棒25g","162353","POYA"
"G2G","2026-02","GLAD2GLOW紅石榴透亮保濕面霜30g","1082361","POYA"
"G2G","2026-02","GLAD2GLOW紅石榴透亮精華17ml","671426","POYA"
"G2G","2026-02","GLAD2GLOW火山泥潔淨泥膜棒25g","252390","POYA"
"G2G","2026-02","GLAD2GLOW積雪草化妝水80ml","82362","POYA"
"G2G","2026-02","GLAD2GLOW積雪草淨化調理潔面凝露70ml","50380","POYA"
"G2G","2026-02","GLAD2GLOW淨化調理面霜30g","81524","POYA"
"G2G","2026-02","GLAD2GLOW淨透377柚光精華17ml","105868","POYA"
"G2G","2026-02","GLAD2GLOW藍莓保濕面霜30g","194423","POYA"
"G2G","2026-02","GLAD2GLOW藍莓潔面乳70ml","40533","POYA"
"G2G","2026-02","GLAD2GLOW牛奶潔面乳80g","894149","POYA"
"G2G","2026-02","GLAD2GLOW柔嫩淨膚精華15ml","362180","POYA"
"G2G","2026-02","GLAD2GLOW視黃醇精華17ml","211935","POYA"
"G2G","2026-02","GLAD2GLOW視黃醇面霜30g","187856","POYA"
"G2G","2026-02","GLAD2GLOW舒緩保濕凝露30g","37785","POYA"
"G2G","2026-02","GLAD2GLOW舒緩保濕凝露55g","97643","POYA"
"G2G","2026-02","GLAD2GLOW絲絨粉餅8.5g-00","167790","POYA"
"G2G","2026-02","GLAD2GLOW絲絨粉餅8.5g-01","199374","POYA"
"G2G","2026-02","GLAD2GLOW絲絨粉餅8.5g-02","221417","POYA"
"G2G","2026-02","GLAD2GLOW絲絨粉餅8.5g-03","121730","POYA"
"G2G","2026-02","GLAD2GLOW完美氣墊粉底11g-00N","791136","POYA"
"G2G","2026-02","GLAD2GLOW完美氣墊粉底11g-01N","1521910","POYA"
"G2G","2026-02","GLAD2GLOW完美氣墊粉底11g-01W","765675","POYA"
"G2G","2026-02","GLAD2GLOW完美氣墊粉底11g-02N","1107197","POYA"
"G2G","2026-02","GLAD2GLOW完美氣墊粉底11g-02W","246123","POYA"
"G2G","2026-02","GLAD2GLOW完美氣墊粉底11g-03N","330624","POYA"
"G2G","2026-02","GLAD2GLOW完美氣墊粉底11g-04N","195939","POYA"
"G2G","2026-02","GLAD2GLOW櫻花卸妝水300ml","194931","POYA"
"G2G","2026-03","8809600543373","8","Cosmed"
"G2G","2026-03","8809601379018","196","Cosmed"
"G2G","2026-03","8809613116915","10","Cosmed"
"G2G","2026-03","8809613119152","4","Cosmed"
"G2G","2026-03","8809613711691","6","Cosmed"
"G2G","2026-03","8809616608936","12","Cosmed"
"G2G","2026-03","8809618376543","5","Cosmed"
"G2G","2026-03","8809622345665","55","Cosmed"
"G2G","2026-03","8809622456767","10","Cosmed"
"G2G","2026-03","8809623612735","14","Cosmed"
"G2G","2026-03","8809634537522","29","Cosmed"
"G2G","2026-03","8809646665985","13","Cosmed"
"G2G","2026-03","8809648583782","18","Cosmed"
"G2G","2026-03","8809648583973","24","Cosmed"
"G2G","2026-03","8809650138963","18","Cosmed"
"G2G","2026-03","8809650176491","11","Cosmed"
"G2G","2026-03","8809652637891","3","Cosmed"
"G2G","2026-03","8809658121349","148","Cosmed"
"G2G","2026-03","8809665287342","131","Cosmed"
"G2G","2026-03","8809674598705","10","Cosmed"
"G2G","2026-03","8809685309611","16","Cosmed"
"G2G","2026-03","8809685390961","8","Cosmed"
"G2G","2026-03","8809687005481","112","Cosmed"
"G2G","2026-03","8809688789892","15","Cosmed"
"G2G","2026-03","8809698873345","127","Cosmed"
"G2G","2026-03","8809699876789","15","Cosmed"
"G2G","2026-03","G2G-05","1","MOMO"
"G2G","2026-03","G2G-05","245","Watsons"
"G2G","2026-03","G2G-102","24","Watsons"
"G2G","2026-03","G2G-131","160","Watsons"
"G2G","2026-03","G2G-1940","1","MOMO"
"G2G","2026-03","G2G-202","1","MOMO"
"G2G","2026-03","G2G-202","165","Watsons"
"G2G","2026-03","G2G-208","263","Watsons"
"G2G","2026-03","G2G-211嘟嘟唇系列","19","MOMO"
"G2G","2026-03","G2G-212","165","Watsons"
"G2G","2026-03","G2G-214","179","Watsons"
"G2G","2026-03","G2G-215","157","Watsons"
"G2G","2026-03","G2G-23NW系列","5","MOMO"
"G2G","2026-03","G2G-248","1","MOMO"
"G2G","2026-03","G2G-248","430","Watsons"
"G2G","2026-03","G2G-249","102","Watsons"
"G2G","2026-03","G2G-250","142","Watsons"
"G2G","2026-03","G2G-26","1","MOMO"
"G2G","2026-03","G2G-26","45","Watsons"
"G2G","2026-03","G2G-27","8","MOMO"
"G2G","2026-03","G2G-27","50","Watsons"
"G2G","2026-03","G2G-29","1","MOMO"
"G2G","2026-03","G2G-31","3","MOMO"
"G2G","2026-03","G2G-31","66","Watsons"
"G2G","2026-03","G2G-35","74","Watsons"
"G2G","2026-03","G2G-39","155","Watsons"
"G2G","2026-03","G2G-42","95","Watsons"
"G2G","2026-03","G2G-43","3","MOMO"
"G2G","2026-03","G2G-43","160","Watsons"
"G2G","2026-03","G2G-45","1","MOMO"
"G2G","2026-03","G2G-45","47","Watsons"
"G2G","2026-03","G2G-51","51","Watsons"
"G2G","2026-03","G2G-72","32","Watsons"
"G2G","2026-03","G2G-80系列","2","MOMO"
"G2G","2026-03","GLAD2GLOW 2合1完美氣墊粉餅11ml+8g-00","235416","POYA"
"G2G","2026-03","GLAD2GLOW 2合1完美氣墊粉餅11ml+8g-01","2187","Nihon"
"G2G","2026-03","GLAD2GLOW 2合1完美氣墊粉餅11ml+8g-01","217593","POYA"
"G2G","2026-03","GLAD2GLOW 2合1完美氣墊粉餅11ml+8g-02","125871","POYA"
"G2G","2026-03","GLAD2GLOW 377淨透煥采面霜30g","269","Nihon"
"G2G","2026-03","GLAD2GLOW 377淨透煥采面霜30g","98371","POYA"
"G2G","2026-03","GLAD2GLOW?花卸妝水300ml","199","Nihon"
"G2G","2026-03","GLAD2GLOW艾草淨膚泥膜棒25g","167984","POYA"
"G2G","2026-03","GLAD2GLOW白松露保濕亮澤精華噴霧100ml","319","POYA"
"G2G","2026-03","GLAD2GLOW長效霧感定妝噴霧100ml","1883","POYA"
"G2G","2026-03","GLAD2GLOW嘟嘟水潤護唇精華01草莓紅7g","1794","Nihon"
"G2G","2026-03","GLAD2GLOW嘟嘟水潤護唇精華01草莓紅7g","2285424","POYA"
"G2G","2026-03","GLAD2GLOW嘟嘟水潤護唇精華02蜜桃橘7g","1495","Nihon"
"G2G","2026-03","GLAD2GLOW嘟嘟水潤護唇精華02蜜桃橘7g","1302229","POYA"
"G2G","2026-03","GLAD2GLOW嘟嘟水潤護唇精華03葡萄紫7g","1495","Nihon"
"G2G","2026-03","GLAD2GLOW嘟嘟水潤護唇精華03葡萄紫7g","2213870","POYA"
"G2G","2026-03","GLAD2GLOW嘟嘟水潤護唇精華04透明色7g","1794","Nihon"
"G2G","2026-03","GLAD2GLOW嘟嘟水潤護唇精華04透明色7g","1665648","POYA"
"G2G","2026-03","GLAD2GLOW果酸肌膚調理化妝水100ml","319","POYA"
"G2G","2026-03","GLAD2GLOW紅石榴淨化透亮泥膜棒25g","229","Nihon"
"G2G","2026-03","GLAD2GLOW紅石榴淨化透亮泥膜棒25g","103918","POYA"
"G2G","2026-03","GLAD2GLOW紅石榴透亮保濕面霜30g","269","Nihon"
"G2G","2026-03","GLAD2GLOW紅石榴透亮保濕面霜30g","698463","POYA"
"G2G","2026-03","GLAD2GLOW紅石榴透亮精華17ml","538","Nihon"
"G2G","2026-03","GLAD2GLOW紅石榴透亮精華17ml","477230","POYA"
"G2G","2026-03","GLAD2GLOW火山泥潔淨泥膜棒25g","178571","POYA"
"G2G","2026-03","GLAD2GLOW積雪草化妝水80ml","61124","POYA"
"G2G","2026-03","GLAD2GLOW積雪草淨化調理潔面凝露70ml","39159","POYA"
"G2G","2026-03","GLAD2GLOW淨化調理面霜30g","66679","POYA"
"G2G","2026-03","GLAD2GLOW淨透377柚光精華17ml","269","Nihon"
"G2G","2026-03","GLAD2GLOW淨透377柚光精華17ml","75214","POYA"
"G2G","2026-03","GLAD2GLOW藍莓保濕面霜30g","137677","POYA"
"G2G","2026-03","GLAD2GLOW藍莓潔面乳70ml","398","Nihon"
"G2G","2026-03","GLAD2GLOW藍莓潔面乳70ml","38243","POYA"
"G2G","2026-03","GLAD2GLOW牛奶潔面乳80g","229","Nihon"
"G2G","2026-03","GLAD2GLOW牛奶潔面乳80g","471288","POYA"
"G2G","2026-03","GLAD2GLOW柔嫩淨膚精華15ml","269","Nihon"
"G2G","2026-03","GLAD2GLOW柔嫩淨膚精華15ml","259826","POYA"
"G2G","2026-03","GLAD2GLOW視黃醇精華17ml","131361","POYA"
"G2G","2026-03","GLAD2GLOW視黃醇面霜30g","122574","POYA"
"G2G","2026-03","GLAD2GLOW舒緩保濕凝露30g","36869","POYA"
"G2G","2026-03","GLAD2GLOW舒緩保濕凝露55g","83916","POYA"
"G2G","2026-03","GLAD2GLOW絲絨粉餅8.5g-00","134374","POYA"
"G2G","2026-03","GLAD2GLOW絲絨粉餅8.5g-01","147708","POYA"
"G2G","2026-03","GLAD2GLOW絲絨粉餅8.5g-02","147757","POYA"
"G2G","2026-03","GLAD2GLOW絲絨粉餅8.5g-03","87846","POYA"
"G2G","2026-03","GLAD2GLOW完美氣墊粉底11g-00N","394241","POYA"
"G2G","2026-03","GLAD2GLOW完美氣墊粉底11g-01N","811928","POYA"
"G2G","2026-03","GLAD2GLOW完美氣墊粉底11g-01W","519435","POYA"
"G2G","2026-03","GLAD2GLOW完美氣墊粉底11g-02N","459","Nihon"
"G2G","2026-03","GLAD2GLOW完美氣墊粉底11g-02N","568618","POYA"
"G2G","2026-03","GLAD2GLOW完美氣墊粉底11g-02W","256443","POYA"
"G2G","2026-03","GLAD2GLOW完美氣墊粉底11g-03N","198422","POYA"
"G2G","2026-03","GLAD2GLOW完美氣墊粉底11g-04N","126624","POYA"
"G2G","2026-03","GLAD2GLOW櫻花卸妝水300ml","188659","POYA"
"G2G","2026-04","4897144700677","897","Cosmed"
"G2G","2026-04","4897144700684","466","Cosmed"
"G2G","2026-04","4897144700691","707","Cosmed"
"G2G","2026-04","4897144700707","1144","Cosmed"
"G2G","2026-04","4897144700943","48","Cosmed"
"G2G","2026-04","4897144700950","53","Cosmed"
"G2G","2026-04","4897144701063","61","Cosmed"
"G2G","2026-04","8809600543373","16","Cosmed"
"G2G","2026-04","8809601379018","234","Cosmed"
"G2G","2026-04","8809613116915","23","Cosmed"
"G2G","2026-04","8809613119152","13","Cosmed"
"G2G","2026-04","8809613711691","10","Cosmed"
"G2G","2026-04","8809616608936","13","Cosmed"
"G2G","2026-04","8809618376543","16","Cosmed"
"G2G","2026-04","8809622345665","77","Cosmed"
"G2G","2026-04","8809622456767","5","Cosmed"
"G2G","2026-04","8809623612735","17","Cosmed"
"G2G","2026-04","8809634537522","55","Cosmed"
"G2G","2026-04","8809646665985","26","Cosmed"
"G2G","2026-04","8809648583782","37","Cosmed"
"G2G","2026-04","8809648583973","38","Cosmed"
"G2G","2026-04","8809650138963","29","Cosmed"
"G2G","2026-04","8809650176491","22","Cosmed"
"G2G","2026-04","8809652637891","21","Cosmed"
"G2G","2026-04","8809658121349","208","Cosmed"
"G2G","2026-04","8809665287342","176","Cosmed"
"G2G","2026-04","8809674598705","8","Cosmed"
"G2G","2026-04","8809685309611","25","Cosmed"
"G2G","2026-04","8809685390961","17","Cosmed"
"G2G","2026-04","8809687005481","158","Cosmed"
"G2G","2026-04","8809688789892","28","Cosmed"
"G2G","2026-04","8809698873345","254","Cosmed"
"G2G","2026-04","8809699876789","25","Cosmed"
"G2G","2026-04","G2G-05","3","MOMO"
"G2G","2026-04","G2G-05","156","Watsons"
"G2G","2026-04","G2G-07","1","MOMO"
"G2G","2026-04","G2G-102","51","Watsons"
"G2G","2026-04","G2G-131","4","MOMO"
"G2G","2026-04","G2G-131","148","Watsons"
"G2G","2026-04","G2G-1940","14","MOMO"
"G2G","2026-04","G2G-1940","2","Watsons"
"G2G","2026-04","G2G-1941","4","Watsons"
"G2G","2026-04","G2G-1942","3","Watsons"
"G2G","2026-04","G2G-202","4","MOMO"
"G2G","2026-04","G2G-202","124","Watsons"
"G2G","2026-04","G2G-208","1","MOMO"
"G2G","2026-04","G2G-208","173","Watsons"
"G2G","2026-04","G2G-211嘟嘟唇系列","81","MOMO"
"G2G","2026-04","G2G-211嘟嘟唇系列 (2入)","7","MOMO"
"G2G","2026-04","G2G-212","104","Watsons"
"G2G","2026-04","G2G-214","118","Watsons"
"G2G","2026-04","G2G-215","1","MOMO"
"G2G","2026-04","G2G-215","102","Watsons"
"G2G","2026-04","G2G-221","2","MOMO"
"G2G","2026-04","G2G-223","1","MOMO"
"G2G","2026-04","G2G-230N","6","Watsons"
"G2G","2026-04","G2G-231N","7","Watsons"
"G2G","2026-04","G2G-231W","2","Watsons"
"G2G","2026-04","G2G-23NW系列","29","MOMO"
"G2G","2026-04","G2G-23NW系列+G2G-80系列","9","MOMO"
"G2G","2026-04","G2G-248","7","MOMO"
"G2G","2026-04","G2G-248","180","Watsons"
"G2G","2026-04","G2G-249","1","MOMO"
"G2G","2026-04","G2G-249","45","Watsons"
"G2G","2026-04","G2G-250","1","MOMO"
"G2G","2026-04","G2G-250","58","Watsons"
"G2G","2026-04","G2G-26","59","Watsons"
"G2G","2026-04","G2G-260","1","MOMO"
"G2G","2026-04","G2G-27","13","MOMO"
"G2G","2026-04","G2G-27","49","Watsons"
"G2G","2026-04","G2G-27300N","31","Watsons"
"G2G","2026-04","G2G-27301N","20","Watsons"
"G2G","2026-04","G2G-27301W","10","Watsons"
"G2G","2026-04","G2G-27302N","12","Watsons"
"G2G","2026-04","G2G-29","2","MOMO"
"G2G","2026-04","G2G-31","4","MOMO"
"G2G","2026-04","G2G-31","57","Watsons"
"G2G","2026-04","G2G-35","1","MOMO"
"G2G","2026-04","G2G-35","71","Watsons"
"G2G","2026-04","G2G-39","112","Watsons"
"G2G","2026-04","G2G-40","1","MOMO"
"G2G","2026-04","G2G-42","2","MOMO"
"G2G","2026-04","G2G-42","112","Watsons"
"G2G","2026-04","G2G-43","6","MOMO"
"G2G","2026-04","G2G-43","139","Watsons"
"G2G","2026-04","G2G-45","8","MOMO"
"G2G","2026-04","G2G-45","72","Watsons"
"G2G","2026-04","G2G-51","55","Watsons"
"G2G","2026-04","G2G-72","1","MOMO"
"G2G","2026-04","G2G-72","38","Watsons"
"G2G","2026-04","G2G-800","7","Watsons"
"G2G","2026-04","G2G-801","2","Watsons"
"G2G","2026-04","G2G-802","3","Watsons"
"G2G","2026-04","G2G-80系列","16","MOMO"
"G2G","2026-04","G2G-87","13","Watsons"
"G2G","2026-04","G2G有色絲絨粉餅00色號","2691","Matsumoto"
"G2G","2026-04","G2G有色絲絨粉餅01色號","2093","Matsumoto"
"G2G","2026-04","G2G有色絲絨粉餅02色號","1794","Matsumoto"
"G2G","2026-04","G2G有色絲絨粉餅03色號","1794","Matsumoto"
"G2G","2026-04","GLAD2GLOW 2合1完美氣墊粉餅11ml+8g-00","4194","Nihon"
"G2G","2026-04","GLAD2GLOW 2合1完美氣墊粉餅11ml+8g-00","408908","POYA"
"G2G","2026-04","GLAD2GLOW 2合1完美氣墊粉餅11ml+8g-01","3495","Nihon"
"G2G","2026-04","GLAD2GLOW 2合1完美氣墊粉餅11ml+8g-01","450473","POYA"
"G2G","2026-04","GLAD2GLOW 2合1完美氣墊粉餅11ml+8g-02","1398","Nihon"
"G2G","2026-04","GLAD2GLOW 2合1完美氣墊粉餅11ml+8g-02","276764","POYA"
"G2G","2026-04","GLAD2GLOW 2合1完美無瑕氣墊粉餅00色 11ml+8g","4193","Matsumoto"
"G2G","2026-04","GLAD2GLOW 2合1完美無瑕氣墊粉餅01色 11ml+8g","8386","Matsumoto"
"G2G","2026-04","GLAD2GLOW 2合1完美無瑕氣墊粉餅02色 11ml+8g","559","Matsumoto"
"G2G","2026-04","GLAD2GLOW 377淨透煥采面霜 30g","239","Matsumoto"
"G2G","2026-04","GLAD2GLOW 377淨透煥采面霜30g","996","Nihon"
"G2G","2026-04","GLAD2GLOW 377淨透煥采面霜30g","82957","POYA"
"G2G","2026-04","GLAD2GLOW PDRN 勻亮煥膚精華 20ml","239","Matsumoto"
"G2G","2026-04","GLAD2GLOW PDRN勻亮煥膚精華20ml","2241","Nihon"
"G2G","2026-04","GLAD2GLOW PDRN勻亮煥膚精華20ml","117389","POYA"
"G2G","2026-04","GLAD2GLOW PDRN勻亮修護精華乳霜30g","747","Nihon"
"G2G","2026-04","GLAD2GLOW PDRN勻亮修護精華乳霜30g","105232","POYA"
"G2G","2026-04","GLAD2GLOW 艾草淨膚泥膜棒 25g","1791","Matsumoto"
"G2G","2026-04","GLAD2GLOW 嘟嘟水潤護唇精華01 草莓紅 7g","7450","Matsumoto"
"G2G","2026-04","GLAD2GLOW 嘟嘟水潤護唇精華02 蜜桃橘 7g","6434","Matsumoto"
"G2G","2026-04","GLAD2GLOW 嘟嘟水潤護唇精華03 葡萄紫 7g","5727","Matsumoto"
"G2G","2026-04","GLAD2GLOW 嘟嘟水潤護唇精華04 透明色 7g","7181","Matsumoto"
"G2G","2026-04","GLAD2GLOW 紅石榴淨化透亮泥膜棒 25g","796","Matsumoto"
"G2G","2026-04","GLAD2GLOW 紅石榴透亮保溼面霜 30g","1673","Matsumoto"
"G2G","2026-04","GLAD2GLOW 紅石榴透亮精華17ml","2151","Matsumoto"
"G2G","2026-04","GLAD2GLOW 火山泥潔淨泥膜棒 25g","3383","Matsumoto"
"G2G","2026-04","GLAD2GLOW 積雪草化妝水 80ml","1195","Matsumoto"
"G2G","2026-04","GLAD2GLOW 積雪草淨化調理潔面凝露 70ml","398","Matsumoto"
"G2G","2026-04","GLAD2GLOW 積雪草卸妝油 100ml","705","Nihon"
"G2G","2026-04","GLAD2GLOW 淨透377柚光精華 17ml","478","Matsumoto"
"G2G","2026-04","GLAD2GLOW 藍莓保濕面霜30g","478","Matsumoto"
"G2G","2026-04","GLAD2GLOW 藍莓潔面乳 70ml","676","Matsumoto"
"G2G","2026-04","GLAD2GLOW 牛奶潔面乳 80g","1134","Matsumoto"
"G2G","2026-04","GLAD2GLOW 視黃醇面霜 30g","239","Matsumoto"
"G2G","2026-04","GLAD2GLOW 舒緩保濕凝露 30g","1592","Matsumoto"
"G2G","2026-04","GLAD2GLOW 完美氣墊粉底00N色 11g","4349","Matsumoto"
"G2G","2026-04","GLAD2GLOW 完美氣墊粉底01N色 11g","3591","Matsumoto"
"G2G","2026-04","GLAD2GLOW 完美氣墊粉底01W色 11g","3192","Matsumoto"
"G2G","2026-04","GLAD2GLOW 完美氣墊粉底02N色 11g","1197","Matsumoto"
"G2G","2026-04","GLAD2GLOW 完美氣墊粉底02W色 11g","2793","Matsumoto"
"G2G","2026-04","GLAD2GLOW 完美氣墊粉底03N色 11g","1596","Matsumoto"
"G2G","2026-04","GLAD2GLOW 完美氣墊粉底04N色 11g","1995","Matsumoto"
"G2G","2026-04","GLAD2GLOW 櫻花卸妝水 300ml","2211","Matsumoto"
"G2G","2026-04","GLAD2GLOW?花卸妝水300ml","2704","Nihon"
"G2G","2026-04","GLAD2GLOW艾草淨膚泥膜棒25g","2717","Nihon"
"G2G","2026-04","GLAD2GLOW艾草淨膚泥膜棒25g","177704","POYA"
"G2G","2026-04","GLAD2GLOW白松露保濕亮澤精華噴霧100ml","3289","Nihon"
"G2G","2026-04","GLAD2GLOW白松露保濕亮澤精華噴霧100ml","186506","POYA"
"G2G","2026-04","GLAD2GLOW長效霧感定妝噴霧 100ml","717","Matsumoto"
"G2G","2026-04","GLAD2GLOW長效霧感定妝噴霧100ml","60525","POYA"
"G2G","2026-04","GLAD2GLOW嘟嘟水潤護唇精華01草莓紅7g","28514","Nihon"
"G2G","2026-04","GLAD2GLOW嘟嘟水潤護唇精華01草莓紅7g","3331296","POYA"
"G2G","2026-04","GLAD2GLOW嘟嘟水潤護唇精華02蜜桃橘7g","11836","Nihon"
"G2G","2026-04","GLAD2GLOW嘟嘟水潤護唇精華02蜜桃橘7g","1505862","POYA"
"G2G","2026-04","GLAD2GLOW嘟嘟水潤護唇精華03葡萄紫7g","16947","Nihon"
"G2G","2026-04","GLAD2GLOW嘟嘟水潤護唇精華03葡萄紫7g","2213601","POYA"
"G2G","2026-04","GLAD2GLOW嘟嘟水潤護唇精華04透明色7g","26900","Nihon"
"G2G","2026-04","GLAD2GLOW嘟嘟水潤護唇精華04透明色7g","3379985","POYA"
"G2G","2026-04","GLAD2GLOW果酸肌膚調理化妝水","279","Matsumoto"
"G2G","2026-04","GLAD2GLOW果酸肌膚調理化妝水100ml","299","Nihon"
"G2G","2026-04","GLAD2GLOW果酸肌膚調理化妝水100ml","62702","POYA"
"G2G","2026-04","GLAD2GLOW紅石榴淨化透亮泥膜棒25g","1463","Nihon"
"G2G","2026-04","GLAD2GLOW紅石榴淨化透亮泥膜棒25g","93661","POYA"
"G2G","2026-04","GLAD2GLOW紅石榴透亮保濕面霜30g","1743","Nihon"
"G2G","2026-04","GLAD2GLOW紅石榴透亮保濕面霜30g","604223","POYA"
"G2G","2026-04","GLAD2GLOW紅石榴透亮精華17ml","470565","POYA"
"G2G","2026-04","GLAD2GLOW火山泥潔淨泥膜棒25g","3344","Nihon"
"G2G","2026-04","GLAD2GLOW火山泥潔淨泥膜棒25g","209535","POYA"
"G2G","2026-04","GLAD2GLOW積雪草化妝水80ml","996","Nihon"
"G2G","2026-04","GLAD2GLOW積雪草化妝水80ml","69137","POYA"
"G2G","2026-04","GLAD2GLOW積雪草淨化調理潔面凝露70ml","627","Nihon"
"G2G","2026-04","GLAD2GLOW積雪草淨化調理潔面凝露70ml","50380","POYA"
"G2G","2026-04","GLAD2GLOW淨化調理面霜30g","70692","POYA"
"G2G","2026-04","GLAD2GLOW淨透377柚光精華17ml","498","Nihon"
"G2G","2026-04","GLAD2GLOW淨透377柚光精華17ml","79634","POYA"
"G2G","2026-04","GLAD2GLOW藍莓保濕面霜30g","747","Nihon"
"G2G","2026-04","GLAD2GLOW藍莓保濕面霜30g","199932","POYA"
"G2G","2026-04","GLAD2GLOW藍莓潔面乳70ml","358","Nihon"
"G2G","2026-04","GLAD2GLOW藍莓潔面乳70ml","43281","POYA"
"G2G","2026-04","GLAD2GLOW牛奶潔面乳80g","1990","Nihon"
"G2G","2026-04","GLAD2GLOW牛奶潔面乳80g","411990","POYA"
"G2G","2026-04","GLAD2GLOW柔嫩淨膚精華 15ml","1195","Matsumoto"
"G2G","2026-04","GLAD2GLOW柔嫩淨膚精華15ml","1992","Nihon"
"G2G","2026-04","GLAD2GLOW柔嫩淨膚精華15ml","277767","POYA"
"G2G","2026-04","GLAD2GLOW視黃醇精華17ml","229","Nihon"
"G2G","2026-04","GLAD2GLOW視黃醇精華17ml","160459","POYA"
"G2G","2026-04","GLAD2GLOW視黃醇面霜30g","747","Nihon"
"G2G","2026-04","GLAD2GLOW視黃醇面霜30g","130411","POYA"
"G2G","2026-04","GLAD2GLOW舒緩保濕凝露30g","916","Nihon"
"G2G","2026-04","GLAD2GLOW舒緩保濕凝露30g","57201","POYA"
"G2G","2026-04","GLAD2GLOW舒緩保濕凝露55g","94276","POYA"
"G2G","2026-04","GLAD2GLOW絲絨粉餅8.5g-00","2990","Nihon"
"G2G","2026-04","GLAD2GLOW絲絨粉餅8.5g-00","134171","POYA"
"G2G","2026-04","GLAD2GLOW絲絨粉餅8.5g-01","4186","Nihon"
"G2G","2026-04","GLAD2GLOW絲絨粉餅8.5g-01","161496","POYA"
"G2G","2026-04","GLAD2GLOW絲絨粉餅8.5g-02","2392","Nihon"
"G2G","2026-04","GLAD2GLOW絲絨粉餅8.5g-02","159371","POYA"
"G2G","2026-04","GLAD2GLOW絲絨粉餅8.5g-03","598","Nihon"
"G2G","2026-04","GLAD2GLOW絲絨粉餅8.5g-03","94575","POYA"
"G2G","2026-04","GLAD2GLOW完美光澤氣墊11g-00N","425493","POYA"
"G2G","2026-04","GLAD2GLOW完美光澤氣墊11g-01N","384642","POYA"
"G2G","2026-04","GLAD2GLOW完美光澤氣墊11g-01W","224910","POYA"
"G2G","2026-04","GLAD2GLOW完美光澤氣墊11g-02N","185436","POYA"
"G2G","2026-04","GLAD2GLOW完美光澤氣墊11g-02W","130356","POYA"
"G2G","2026-04","GLAD2GLOW完美氣墊粉底11g-00N","5508","Nihon"
"G2G","2026-04","GLAD2GLOW完美氣墊粉底11g-00N","619537","POYA"
"G2G","2026-04","GLAD2GLOW完美氣墊粉底11g-01N","5187","Nihon"
"G2G","2026-04","GLAD2GLOW完美氣墊粉底11g-01N","587097","POYA"
"G2G","2026-04","GLAD2GLOW完美氣墊粉底11g-01W","2394","Nihon"
"G2G","2026-04","GLAD2GLOW完美氣墊粉底11g-01W","458962","POYA"
"G2G","2026-04","GLAD2GLOW完美氣墊粉底11g-02N","2793","Nihon"
"G2G","2026-04","GLAD2GLOW完美氣墊粉底11g-02N","432331","POYA"
"G2G","2026-04","GLAD2GLOW完美氣墊粉底11g-02W","3990","Nihon"
"G2G","2026-04","GLAD2GLOW完美氣墊粉底11g-02W","338720","POYA"
"G2G","2026-04","GLAD2GLOW完美氣墊粉底11g-03N","1596","Nihon"
"G2G","2026-04","GLAD2GLOW完美氣墊粉底11g-03N","220779","POYA"
"G2G","2026-04","GLAD2GLOW完美氣墊粉底11g-04N","798","Nihon"
"G2G","2026-04","GLAD2GLOW完美氣墊粉底11g-04N","152656","POYA"
"G2G","2026-04","GLAD2GLOW櫻花卸妝水300ml","204039","POYA"
"G2G","2026-05","4897144700677","1401","Cosmed"
"G2G","2026-05","4897144700684","757","Cosmed"
"G2G","2026-05","4897144700691","905","Cosmed"
"G2G","2026-05","4897144700707","1632","Cosmed"
"G2G","2026-05","4897144700868","5","Cosmed"
"G2G","2026-05","4897144700943","101","Cosmed"
"G2G","2026-05","4897144700950","115","Cosmed"
"G2G","2026-05","4897144701063","141","Cosmed"
"G2G","2026-05","4897144701315","24","Cosmed"
"G2G","2026-05","4897144701322","27","Cosmed"
"G2G","2026-05","4897144701339","13","Cosmed"
"G2G","2026-05","4897144701346","11","Cosmed"
"G2G","2026-05","4897144701353","4","Cosmed"
"G2G","2026-05","8809600543373","21","Cosmed"
"G2G","2026-05","8809601379018","313","Cosmed"
"G2G","2026-05","8809613116915","15","Cosmed"
"G2G","2026-05","8809613119152","14","Cosmed"
"G2G","2026-05","8809613711691","25","Cosmed"
"G2G","2026-05","8809616608936","17","Cosmed"
"G2G","2026-05","8809618376543","20","Cosmed"
"G2G","2026-05","8809622345665","83","Cosmed"
"G2G","2026-05","8809622456767","11","Cosmed"
"G2G","2026-05","8809623612735","12","Cosmed"
"G2G","2026-05","8809634537522","59","Cosmed"
"G2G","2026-05","8809646665985","33","Cosmed"
"G2G","2026-05","8809648583782","37","Cosmed"
"G2G","2026-05","8809648583973","47","Cosmed"
"G2G","2026-05","8809650138963","25","Cosmed"
"G2G","2026-05","8809650176491","29","Cosmed"
"G2G","2026-05","8809652637891","36","Cosmed"
"G2G","2026-05","8809658121349","318","Cosmed"
"G2G","2026-05","8809665287342","223","Cosmed"
"G2G","2026-05","8809674598705","17","Cosmed"
"G2G","2026-05","8809685309611","27","Cosmed"
"G2G","2026-05","8809685390961","37","Cosmed"
"G2G","2026-05","8809687005481","156","Cosmed"
"G2G","2026-05","8809688789892","25","Cosmed"
"G2G","2026-05","8809698873345","326","Cosmed"
"G2G","2026-05","8809699876789","26","Cosmed"
"G2G","2026-05","G2G-05","14","MOMO"
"G2G","2026-05","G2G-05","161","Watsons"
"G2G","2026-05","G2G-07","3","MOMO"
"G2G","2026-05","G2G-102","4","MOMO"
"G2G","2026-05","G2G-102","58","Watsons"
"G2G","2026-05","G2G-131","7","MOMO"
"G2G","2026-05","G2G-131","80","Watsons"
"G2G","2026-05","G2G-1940","10","MOMO"
"G2G","2026-05","G2G-1940","88","Watsons"
"G2G","2026-05","G2G-1941","124","Watsons"
"G2G","2026-05","G2G-1942","86","Watsons"
"G2G","2026-05","G2G-201","2","MOMO"
"G2G","2026-05","G2G-202","6","MOMO"
"G2G","2026-05","G2G-202","108","Watsons"
"G2G","2026-05","G2G-208","5","MOMO"
"G2G","2026-05","G2G-208","143","Watsons"
"G2G","2026-05","G2G-20900N","3","Watsons"
"G2G","2026-05","G2G-20902N","1","Watsons"
"G2G","2026-05","G2G-2111","93","Watsons"
"G2G","2026-05","G2G-2112","50","Watsons"
"G2G","2026-05","G2G-2115","149","Watsons"
"G2G","2026-05","G2G-2116","63","Watsons"
"G2G","2026-05","G2G-2117","178","Watsons"
"G2G","2026-05","G2G-211嘟嘟唇系列","61","MOMO"
"G2G","2026-05","G2G-211嘟嘟唇系列 (2入)","1","MOMO"
"G2G","2026-05","G2G-212","82","Watsons"
"G2G","2026-05","G2G-214","94","Watsons"
"G2G","2026-05","G2G-215","87","Watsons"
"G2G","2026-05","G2G-221","7","MOMO"
"G2G","2026-05","G2G-223","8","MOMO"
"G2G","2026-05","G2G-230N","297","Watsons"
"G2G","2026-05","G2G-231N","328","Watsons"
"G2G","2026-05","G2G-231W","238","Watsons"
"G2G","2026-05","G2G-232N","166","Watsons"
"G2G","2026-05","G2G-23NW系列","44","MOMO"
"G2G","2026-05","G2G-23NW系列+G2G-80系列","15","MOMO"
"G2G","2026-05","G2G-248","12","MOMO"
"G2G","2026-05","G2G-248","175","Watsons"
"G2G","2026-05","G2G-249","1","MOMO"
"G2G","2026-05","G2G-249","43","Watsons"
"G2G","2026-05","G2G-250","2","MOMO"
"G2G","2026-05","G2G-250","65","Watsons"
"G2G","2026-05","G2G-26","2","MOMO"
"G2G","2026-05","G2G-26","67","Watsons"
"G2G","2026-05","G2G-260","17","MOMO"
"G2G","2026-05","G2G-27","17","MOMO"
"G2G","2026-05","G2G-27","75","Watsons"
"G2G","2026-05","G2G-27300N","655","Watsons"
"G2G","2026-05","G2G-27301N","624","Watsons"
"G2G","2026-05","G2G-27301W","422","Watsons"
"G2G","2026-05","G2G-27302N","349","Watsons"
"G2G","2026-05","G2G-27502","215","Watsons"
"G2G","2026-05","G2G-27503","479","Watsons"
"G2G","2026-05","G2G-27504","522","Watsons"
"G2G","2026-05","G2G-29","6","MOMO"
"G2G","2026-05","G2G-31","13","MOMO"
"G2G","2026-05","G2G-31","55","Watsons"
"G2G","2026-05","G2G-34","3","MOMO"
"G2G","2026-05","G2G-35","1","MOMO"
"G2G","2026-05","G2G-35","70","Watsons"
"G2G","2026-05","G2G-38","2","MOMO"
"G2G","2026-05","G2G-39","87","Watsons"
"G2G","2026-05","G2G-40","1","MOMO"
"G2G","2026-05","G2G-42","5","MOMO"
"G2G","2026-05","G2G-42","167","Watsons"
"G2G","2026-05","G2G-43","12","MOMO"
"G2G","2026-05","G2G-43","160","Watsons"
"G2G","2026-05","G2G-45","14","MOMO"
"G2G","2026-05","G2G-45","70","Watsons"
"G2G","2026-05","G2G-51","1","MOMO"
"G2G","2026-05","G2G-51","68","Watsons"
"G2G","2026-05","G2G-72","2","MOMO"
"G2G","2026-05","G2G-72","37","Watsons"
"G2G","2026-05","G2G-800","107","Watsons"
"G2G","2026-05","G2G-801","111","Watsons"
"G2G","2026-05","G2G-802","107","Watsons"
"G2G","2026-05","G2G-80系列","15","MOMO"
"G2G","2026-05","G2G-82","1","MOMO"
"G2G","2026-05","G2G-83","1","MOMO"
"G2G","2026-05","G2G-87","900","Watsons"
"G2G","2026-05","G2G有色絲絨粉餅00色號","1794","Matsumoto"
"G2G","2026-05","G2G有色絲絨粉餅01色號","2990","Matsumoto"
"G2G","2026-05","G2G有色絲絨粉餅02色號","2392","Matsumoto"
"G2G","2026-05","G2G有色絲絨粉餅03色號","1794","Matsumoto"
"G2G","2026-05","GLAD2GLOW 2合1完美氣墊粉餅11ml+8g-00","10485","Nihon"
"G2G","2026-05","GLAD2GLOW 2合1完美氣墊粉餅11ml+8g-00","240166","POYA"
"G2G","2026-05","GLAD2GLOW 2合1完美氣墊粉餅11ml+8g-01","4893","Nihon"
"G2G","2026-05","GLAD2GLOW 2合1完美氣墊粉餅11ml+8g-01","318987","POYA"
"G2G","2026-05","GLAD2GLOW 2合1完美氣墊粉餅11ml+8g-02","6291","Nihon"
"G2G","2026-05","GLAD2GLOW 2合1完美氣墊粉餅11ml+8g-02","228528","POYA"
"G2G","2026-05","GLAD2GLOW 2合1完美無瑕氣墊粉餅00色 11ml+8g","4193","Matsumoto"
"G2G","2026-05","GLAD2GLOW 2合1完美無瑕氣墊粉餅01色 11ml+8g","4193","Matsumoto"
"G2G","2026-05","GLAD2GLOW 2合1完美無瑕氣墊粉餅02色 11ml+8g","2236","Matsumoto"
"G2G","2026-05","GLAD2GLOW 377淨透煥采面霜 30g","1392","Matsumoto"
"G2G","2026-05","GLAD2GLOW 377淨透煥采面霜30g","1743","Nihon"
"G2G","2026-05","GLAD2GLOW 377淨透煥采面霜30g","64232","POYA"
"G2G","2026-05","GLAD2GLOW PDRN 勻亮煥膚精華 20ml","239","Matsumoto"
"G2G","2026-05","GLAD2GLOW PDRN 勻亮修護精華乳霜 30g","478","Matsumoto"
"G2G","2026-05","GLAD2GLOW PDRN勻亮煥膚精華20ml","4482","Nihon"
"G2G","2026-05","GLAD2GLOW PDRN勻亮煥膚精華20ml","107789","POYA"
"G2G","2026-05","GLAD2GLOW PDRN勻亮修護精華乳霜30g","2241","Nihon"
"G2G","2026-05","GLAD2GLOW PDRN勻亮修護精華乳霜30g","93927","POYA"
"G2G","2026-05","GLAD2GLOW 艾草淨膚泥膜棒 25g","2966","Matsumoto"
"G2G","2026-05","GLAD2GLOW 嘟嘟水潤護唇精華01 草莓紅 7g","14193","Matsumoto"
"G2G","2026-05","GLAD2GLOW 嘟嘟水潤護唇精華02 蜜桃橘 7g","7221","Matsumoto"
"G2G","2026-05","GLAD2GLOW 嘟嘟水潤護唇精華03 葡萄紫 7g","8715","Matsumoto"
"G2G","2026-05","GLAD2GLOW 嘟嘟水潤護唇精華04 透明色 7g","11952","Matsumoto"
"G2G","2026-05","GLAD2GLOW 紅石榴淨化透亮泥膜棒 25g","2189","Matsumoto"
"G2G","2026-05","GLAD2GLOW 紅石榴透亮保溼面霜 30g","2390","Matsumoto"
"G2G","2026-05","GLAD2GLOW 紅石榴透亮精華17ml","3064","Matsumoto"
"G2G","2026-05","GLAD2GLOW 火山泥潔淨泥膜棒 25g","4757","Matsumoto"
"G2G","2026-05","GLAD2GLOW 積雪草淨化調理潔面凝露 70ml","1194","Matsumoto"
"G2G","2026-05","GLAD2GLOW 積雪草卸妝油 100ml","2350","Nihon"
"G2G","2026-05","GLAD2GLOW 淨透377柚光精華 17ml","935","Matsumoto"
"G2G","2026-05","GLAD2GLOW 藍莓保濕面霜30g","1673","Matsumoto"
"G2G","2026-05","GLAD2GLOW 藍莓潔面乳 70ml","507","Matsumoto"
"G2G","2026-05","GLAD2GLOW 牛奶潔面乳 80g","1701","Matsumoto"
"G2G","2026-05","GLAD2GLOW 視黃醇精華 17ml","239","Matsumoto"
"G2G","2026-05","GLAD2GLOW 舒緩保濕凝露 30g","1194","Matsumoto"
"G2G","2026-05","GLAD2GLOW 完美光澤氣墊 00N 11g","798","Matsumoto"
"G2G","2026-05","GLAD2GLOW 完美氣墊粉底00N色 11g","5985","Matsumoto"
"G2G","2026-05","GLAD2GLOW 完美氣墊粉底01N色 11g","2394","Matsumoto"
"G2G","2026-05","GLAD2GLOW 完美氣墊粉底01W色 11g","3591","Matsumoto"
"G2G","2026-05","GLAD2GLOW 完美氣墊粉底02N色 11g","1995","Matsumoto"
"G2G","2026-05","GLAD2GLOW 完美氣墊粉底02W色 11g","2394","Matsumoto"
"G2G","2026-05","GLAD2GLOW 完美氣墊粉底03N色 11g","2394","Matsumoto"
"G2G","2026-05","GLAD2GLOW 完美氣墊粉底04N色 11g","798","Matsumoto"
"G2G","2026-05","GLAD2GLOW 櫻花卸妝水 300ml","2226","Matsumoto"
"G2G","2026-05","GLAD2GLOW?花卸妝水300ml","9633","Nihon"
"G2G","2026-05","GLAD2GLOW艾草淨膚泥膜棒25g","4389","Nihon"
"G2G","2026-05","GLAD2GLOW艾草淨膚泥膜棒25g","151369","POYA"
"G2G","2026-05","GLAD2GLOW白松露保濕亮澤精華噴霧","279","Matsumoto"
"G2G","2026-05","GLAD2GLOW白松露保濕亮澤精華噴霧100ml","8372","Nihon"
"G2G","2026-05","GLAD2GLOW白松露保濕亮澤精華噴霧100ml","252648","POYA"
"G2G","2026-05","GLAD2GLOW長效霧感定妝噴霧 100ml","935","Matsumoto"
"G2G","2026-05","GLAD2GLOW長效霧感定妝噴霧100ml","3497","Nihon"
"G2G","2026-05","GLAD2GLOW長效霧感定妝噴霧100ml","285409","POYA"
"G2G","2026-05","GLAD2GLOW嘟嘟水潤護唇精華01草莓紅7g","34970","Nihon"
"G2G","2026-05","GLAD2GLOW嘟嘟水潤護唇精華01草莓紅7g","2000966","POYA"
"G2G","2026-05","GLAD2GLOW嘟嘟水潤護唇精華02蜜桃橘7g","18292","Nihon"
"G2G","2026-05","GLAD2GLOW嘟嘟水潤護唇精華02蜜桃橘7g","926706","POYA"
"G2G","2026-05","GLAD2GLOW嘟嘟水潤護唇精華03葡萄紫7g","23134","Nihon"
"G2G","2026-05","GLAD2GLOW嘟嘟水潤護唇精華03葡萄紫7g","3171662","POYA"
"G2G","2026-05","GLAD2GLOW嘟嘟水潤護唇精華04透明色7g","34970","Nihon"
"G2G","2026-05","GLAD2GLOW嘟嘟水潤護唇精華04透明色7g","2651165","POYA"
"G2G","2026-05","GLAD2GLOW果酸肌膚調理化妝水","558","Matsumoto"
"G2G","2026-05","GLAD2GLOW果酸肌膚調理化妝水100ml","1495","Nihon"
"G2G","2026-05","GLAD2GLOW果酸肌膚調理化妝水100ml","118349","POYA"
"G2G","2026-05","GLAD2GLOW紅石榴淨化透亮泥膜棒25g","1672","Nihon"
"G2G","2026-05","GLAD2GLOW紅石榴淨化透亮泥膜棒25g","86791","POYA"
"G2G","2026-05","GLAD2GLOW紅石榴透亮保濕面霜30g","5976","Nihon"
"G2G","2026-05","GLAD2GLOW紅石榴透亮保濕面霜30g","548562","POYA"
"G2G","2026-05","GLAD2GLOW紅石榴透亮精華17ml","1245","Nihon"
"G2G","2026-05","GLAD2GLOW紅石榴透亮精華17ml","333773","POYA"
"G2G","2026-05","GLAD2GLOW火山泥潔淨泥膜棒25g","6479","Nihon"
"G2G","2026-05","GLAD2GLOW火山泥潔淨泥膜棒25g","191902","POYA"
"G2G","2026-05","GLAD2GLOW積雪草化妝水80ml","1494","Nihon"
"G2G","2026-05","GLAD2GLOW積雪草化妝水80ml","63714","POYA"
"G2G","2026-05","GLAD2GLOW積雪草淨化調理潔面凝露70ml","1463","Nihon"
"G2G","2026-05","GLAD2GLOW積雪草淨化調理潔面凝露70ml","46487","POYA"
"G2G","2026-05","GLAD2GLOW淨化調理面霜 30g","478","Matsumoto"
"G2G","2026-05","GLAD2GLOW淨化調理面霜30g","2739","Nihon"
"G2G","2026-05","GLAD2GLOW淨化調理面霜30g","56980","POYA"
"G2G","2026-05","GLAD2GLOW淨透377柚光精華17ml","1992","Nihon"
"G2G","2026-05","GLAD2GLOW淨透377柚光精華17ml","55426","POYA"
"G2G","2026-05","GLAD2GLOW藍莓保濕面霜30g","1494","Nihon"
"G2G","2026-05","GLAD2GLOW藍莓保濕面霜30g","120176","POYA"
"G2G","2026-05","GLAD2GLOW藍莓潔面乳70ml","895","Nihon"
"G2G","2026-05","GLAD2GLOW藍莓潔面乳70ml","32747","POYA"
"G2G","2026-05","GLAD2GLOW牛奶潔面乳80g","4975","Nihon"
"G2G","2026-05","GLAD2GLOW牛奶潔面乳80g","337088","POYA"
"G2G","2026-05","GLAD2GLOW柔嫩淨膚精華 15ml","239","Matsumoto"
"G2G","2026-05","GLAD2GLOW柔嫩淨膚精華15ml","3237","Nihon"
"G2G","2026-05","GLAD2GLOW柔嫩淨膚精華15ml","159891","POYA"
"G2G","2026-05","GLAD2GLOW視黃醇精華17ml","2748","Nihon"
"G2G","2026-05","GLAD2GLOW視黃醇精華17ml","100751","POYA"
"G2G","2026-05","GLAD2GLOW視黃醇面霜30g","1743","Nihon"
"G2G","2026-05","GLAD2GLOW視黃醇面霜30g","106967","POYA"
"G2G","2026-05","GLAD2GLOW舒緩保濕凝露30g","2290","Nihon"
"G2G","2026-05","GLAD2GLOW舒緩保濕凝露30g","24961","POYA"
"G2G","2026-05","GLAD2GLOW舒緩保濕凝露55g","101269","POYA"
"G2G","2026-05","GLAD2GLOW絲絨粉餅8.5g-00","3588","Nihon"
"G2G","2026-05","GLAD2GLOW絲絨粉餅8.5g-00","115150","POYA"
"G2G","2026-05","GLAD2GLOW絲絨粉餅8.5g-01","4485","Nihon"
"G2G","2026-05","GLAD2GLOW絲絨粉餅8.5g-01","141799","POYA"
"G2G","2026-05","GLAD2GLOW絲絨粉餅8.5g-02","2691","Nihon"
"G2G","2026-05","GLAD2GLOW絲絨粉餅8.5g-02","138180","POYA"
"G2G","2026-05","GLAD2GLOW絲絨粉餅8.5g-03","3588","Nihon"
"G2G","2026-05","GLAD2GLOW絲絨粉餅8.5g-03","87843","POYA"
"G2G","2026-05","GLAD2GLOW完美光澤氣墊11g-00N","5508","Nihon"
"G2G","2026-05","GLAD2GLOW完美光澤氣墊11g-00N","677025","POYA"
"G2G","2026-05","GLAD2GLOW完美光澤氣墊11g-01N","2295","Nihon"
"G2G","2026-05","GLAD2GLOW完美光澤氣墊11g-01N","478278","POYA"
"G2G","2026-05","GLAD2GLOW完美光澤氣墊11g-01W","918","Nihon"
"G2G","2026-05","GLAD2GLOW完美光澤氣墊11g-01W","257958","POYA"
"G2G","2026-05","GLAD2GLOW完美光澤氣墊11g-02N","459","Nihon"
"G2G","2026-05","GLAD2GLOW完美光澤氣墊11g-02N","191403","POYA"
"G2G","2026-05","GLAD2GLOW完美光澤氣墊11g-02W","149634","POYA"
"G2G","2026-05","GLAD2GLOW完美氣墊粉底11g-00N","6426","Nihon"
"G2G","2026-05","GLAD2GLOW完美氣墊粉底11g-00N","476406","POYA"
"G2G","2026-05","GLAD2GLOW完美氣墊粉底11g-01N","3990","Nihon"
"G2G","2026-05","GLAD2GLOW完美氣墊粉底11g-01N","509124","POYA"
"G2G","2026-05","GLAD2GLOW完美氣墊粉底11g-01W","3192","Nihon"
"G2G","2026-05","GLAD2GLOW完美氣墊粉底11g-01W","361893","POYA"
"G2G","2026-05","GLAD2GLOW完美氣墊粉底11g-02N","1596","Nihon"
"G2G","2026-05","GLAD2GLOW完美氣墊粉底11g-02N","366681","POYA"
"G2G","2026-05","GLAD2GLOW完美氣墊粉底11g-02W","1596","Nihon"
"G2G","2026-05","GLAD2GLOW完美氣墊粉底11g-02W","270921","POYA"
"G2G","2026-05","GLAD2GLOW完美氣墊粉底11g-03N","1596","Nihon"
"G2G","2026-05","GLAD2GLOW完美氣墊粉底11g-03N","208278","POYA"
"G2G","2026-05","GLAD2GLOW完美氣墊粉底11g-04N","1197","Nihon"
"G2G","2026-05","GLAD2GLOW完美氣墊粉底11g-04N","131271","POYA"
"G2G","2026-05","GLAD2GLOW櫻花卸妝水300ml","231290","POYA"
"G2G","2026-06","4897144700677","2145","Cosmed"
"G2G","2026-06","4897144700684","1160","Cosmed"
"G2G","2026-06","4897144700691","1359","Cosmed"
"G2G","2026-06","4897144700707","2646","Cosmed"
"G2G","2026-06","4897144700868","213","Cosmed"
"G2G","2026-06","4897144700943","187","Cosmed"
"G2G","2026-06","4897144700950","174","Cosmed"
"G2G","2026-06","4897144701063","202","Cosmed"
"G2G","2026-06","4897144701315","59","Cosmed"
"G2G","2026-06","4897144701322","61","Cosmed"
"G2G","2026-06","4897144701339","30","Cosmed"
"G2G","2026-06","4897144701346","30","Cosmed"
"G2G","2026-06","4897144701353","32","Cosmed"
"G2G","2026-06","4897144702558","516","Cosmed"
"G2G","2026-06","4897144702565","221","Cosmed"
"G2G","2026-06","4897144702596","885","Cosmed"
"G2G","2026-06","8809600543373","40","Cosmed"
"G2G","2026-06","8809601379018","361","Cosmed"
"G2G","2026-06","8809613116915","23","Cosmed"
"G2G","2026-06","8809613119152","17","Cosmed"
"G2G","2026-06","8809613711691","17","Cosmed"
"G2G","2026-06","8809616608936","40","Cosmed"
"G2G","2026-06","8809618376543","17","Cosmed"
"G2G","2026-06","8809622345665","77","Cosmed"
"G2G","2026-06","8809622456767","13","Cosmed"
"G2G","2026-06","8809623612735","17","Cosmed"
"G2G","2026-06","8809634537522","65","Cosmed"
"G2G","2026-06","8809639496039","3","Watsons"
"G2G","2026-06","8809646665985","32","Cosmed"
"G2G","2026-06","8809648583782","37","Cosmed"
"G2G","2026-06","8809648583973","65","Cosmed"
"G2G","2026-06","8809650138963","32","Cosmed"
"G2G","2026-06","8809650176491","29","Cosmed"
"G2G","2026-06","8809652637891","40","Cosmed"
"G2G","2026-06","8809658121349","325","Cosmed"
"G2G","2026-06","8809665287342","230","Cosmed"
"G2G","2026-06","8809674598705","16","Cosmed"
"G2G","2026-06","8809685309611","22","Cosmed"
"G2G","2026-06","8809685390961","36","Cosmed"
"G2G","2026-06","8809687005481","175","Cosmed"
"G2G","2026-06","8809688789892","32","Cosmed"
"G2G","2026-06","8809698873345","382","Cosmed"
"G2G","2026-06","8809699876789","36","Cosmed"
"G2G","2026-06","G2G-05","10","MOMO"
"G2G","2026-06","G2G-05","193","Watsons"
"G2G","2026-06","G2G-07","1","MOMO"
"G2G","2026-06","G2G-102","2","MOMO"
"G2G","2026-06","G2G-102","72","Watsons"
"G2G","2026-06","G2G-104","2","Watsons"
"G2G","2026-06","G2G-131","9","MOMO"
"G2G","2026-06","G2G-131","129","Watsons"
"G2G","2026-06","G2G-165Y","1","Watsons"
"G2G","2026-06","G2G-166Y","1","Watsons"
"G2G","2026-06","G2G-1940","13","MOMO"
"G2G","2026-06","G2G-1940","94","Watsons"
"G2G","2026-06","G2G-1941","107","Watsons"
"G2G","2026-06","G2G-1942","92","Watsons"
"G2G","2026-06","G2G-201","2","MOMO"
"G2G","2026-06","G2G-202","8","MOMO"
"G2G","2026-06","G2G-202","283","Watsons"
"G2G","2026-06","G2G-208","7","MOMO"
"G2G","2026-06","G2G-208","384","Watsons"
"G2G","2026-06","G2G-20900N","66","Watsons"
"G2G","2026-06","G2G-20901N","66","Watsons"
"G2G","2026-06","G2G-20902N","64","Watsons"
"G2G","2026-06","G2G-20903N","51","Watsons"
"G2G","2026-06","G2G-2111","429","Watsons"
"G2G","2026-06","G2G-2112","266","Watsons"
"G2G","2026-06","G2G-2115","965","Watsons"
"G2G","2026-06","G2G-2116","578","Watsons"
"G2G","2026-06","G2G-2117","1330","Watsons"
"G2G","2026-06","G2G-211嘟嘟唇系列","333","MOMO"
"G2G","2026-06","G2G-211嘟嘟唇系列 (2入)","63","MOMO"
"G2G","2026-06","G2G-212","4","MOMO"
"G2G","2026-06","G2G-212","111","Watsons"
"G2G","2026-06","G2G-214","4","MOMO"
"G2G","2026-06","G2G-214","181","Watsons"
"G2G","2026-06","G2G-215","1","MOMO"
"G2G","2026-06","G2G-215","127","Watsons"
"G2G","2026-06","G2G-221","3","MOMO"
"G2G","2026-06","G2G-223","1","MOMO"
"G2G","2026-06","G2G-230N","342","Watsons"
"G2G","2026-06","G2G-231N","356","Watsons"
"G2G","2026-06","G2G-231W","291","Watsons"
"G2G","2026-06","G2G-232N","313","Watsons"
"G2G","2026-06","G2G-23NW系列","65","MOMO"
"G2G","2026-06","G2G-23NW系列+G2G-80系列","5","MOMO"
"G2G","2026-06","G2G-248","9","MOMO"
"G2G","2026-06","G2G-248","378","Watsons"
"G2G","2026-06","G2G-249","5","MOMO"
"G2G","2026-06","G2G-249","111","Watsons"
"G2G","2026-06","G2G-250","2","MOMO"
"G2G","2026-06","G2G-250","165","Watsons"
"G2G","2026-06","G2G-26","1","MOMO"
"G2G","2026-06","G2G-26","71","Watsons"
"G2G","2026-06","G2G-260","35","MOMO"
"G2G","2026-06","G2G-27","11","MOMO"
"G2G","2026-06","G2G-27","97","Watsons"
"G2G","2026-06","G2G-27300N","502","Watsons"
"G2G","2026-06","G2G-27301N","515","Watsons"
"G2G","2026-06","G2G-27301W","308","Watsons"
"G2G","2026-06","G2G-27302N","256","Watsons"
"G2G","2026-06","G2G-27502","305","Watsons"
"G2G","2026-06","G2G-27503","530","Watsons"
"G2G","2026-06","G2G-27504","568","Watsons"
"G2G","2026-06","G2G-29","3","MOMO"
"G2G","2026-06","G2G-31","7","MOMO"
"G2G","2026-06","G2G-31","99","Watsons"
"G2G","2026-06","G2G-34","5","MOMO"
"G2G","2026-06","G2G-35","72","Watsons"
"G2G","2026-06","G2G-38","1","MOMO"
"G2G","2026-06","G2G-39","228","Watsons"
"G2G","2026-06","G2G-40","3","MOMO"
"G2G","2026-06","G2G-42","4","MOMO"
"G2G","2026-06","G2G-42","186","Watsons"
"G2G","2026-06","G2G-43","10","MOMO"
"G2G","2026-06","G2G-43","363","Watsons"
"G2G","2026-06","G2G-45","8","MOMO"
"G2G","2026-06","G2G-45","71","Watsons"
"G2G","2026-06","G2G-51","4","MOMO"
"G2G","2026-06","G2G-51","79","Watsons"
"G2G","2026-06","G2G-72","1","MOMO"
"G2G","2026-06","G2G-72","50","Watsons"
"G2G","2026-06","G2G-800","110","Watsons"
"G2G","2026-06","G2G-801","132","Watsons"
"G2G","2026-06","G2G-802","180","Watsons"
"G2G","2026-06","G2G-80系列","17","MOMO"
"G2G","2026-06","G2G-82","2","MOMO"
"G2G","2026-06","G2G-87","816","Watsons"
"G2G","2026-06","G2G有色絲絨粉餅00色號","3266","Matsumoto"
"G2G","2026-06","G2G有色絲絨粉餅01色號","5326","Matsumoto"
"G2G","2026-06","G2G有色絲絨粉餅02色號","5028","Matsumoto"
"G2G","2026-06","G2G有色絲絨粉餅03色號","2969","Matsumoto"
"G2G","2026-06","GLAD2GLOW 2合1完美氣墊粉餅11ml+8g-00","12582","Nihon"
"G2G","2026-06","GLAD2GLOW 2合1完美氣墊粉餅11ml+8g-00","138446","POYA"
"G2G","2026-06","GLAD2GLOW 2合1完美氣墊粉餅11ml+8g-01","17475","Nihon"
"G2G","2026-06","GLAD2GLOW 2合1完美氣墊粉餅11ml+8g-01","208568","POYA"
"G2G","2026-06","GLAD2GLOW 2合1完美氣墊粉餅11ml+8g-02","5592","Nihon"
"G2G","2026-06","GLAD2GLOW 2合1完美氣墊粉餅11ml+8g-02","138446","POYA"
"G2G","2026-06","GLAD2GLOW 2合1完美無瑕氣墊粉餅00色 11ml+8g","2745","Matsumoto"
"G2G","2026-06","GLAD2GLOW 2合1完美無瑕氣墊粉餅01色 11ml+8g","5225","Matsumoto"
"G2G","2026-06","GLAD2GLOW 2合1完美無瑕氣墊粉餅02色 11ml+8g","4586","Matsumoto"
"G2G","2026-06","GLAD2GLOW 377淨透煥采面霜 30g","1167","Matsumoto"
"G2G","2026-06","GLAD2GLOW 377淨透煥采面霜30g","1992","Nihon"
"G2G","2026-06","GLAD2GLOW 377淨透煥采面霜30g","58275","POYA"
"G2G","2026-06","GLAD2GLOW PDRN 勻亮煥膚精華 20ml","1878","Matsumoto"
"G2G","2026-06","GLAD2GLOW PDRN 勻亮修護精華乳霜 30g","1673","Matsumoto"
"G2G","2026-06","GLAD2GLOW PDRN勻亮煥膚精華20ml","7968","Nihon"
"G2G","2026-06","GLAD2GLOW PDRN勻亮煥膚精華20ml","258115","POYA"
"G2G","2026-06","GLAD2GLOW PDRN勻亮修護精華乳霜30g","3237","Nihon"
"G2G","2026-06","GLAD2GLOW PDRN勻亮修護精華乳霜30g","143915","POYA"
"G2G","2026-06","GLAD2GLOW 艾草淨膚泥膜棒 25g","3781","Matsumoto"
"G2G","2026-06","GLAD2GLOW 嘟嘟水潤護唇精華01 草莓紅 7g","38950","Matsumoto"
"G2G","2026-06","GLAD2GLOW 嘟嘟水潤護唇精華02 蜜桃橘 7g","18620","Matsumoto"
"G2G","2026-06","GLAD2GLOW 嘟嘟水潤護唇精華03 葡萄紫 7g","19507","Matsumoto"
"G2G","2026-06","GLAD2GLOW 嘟嘟水潤護唇精華04 透明色 7g","31488","Matsumoto"
"G2G","2026-06","GLAD2GLOW 嘟嘟水潤護唇精華05 柔和淡紫","956202","POYA"
"G2G","2026-06","GLAD2GLOW 嘟嘟水潤護唇精華06 樱桃汽水","417105","POYA"
"G2G","2026-06","GLAD2GLOW 嘟嘟水潤護唇精華07 南瓜奶凍","1535664","POYA"
"G2G","2026-06","GLAD2GLOW 紅石榴淨化透亮泥膜棒 25g","1592","Matsumoto"
"G2G","2026-06","GLAD2GLOW 紅石榴透亮保溼面霜 30g","4718","Matsumoto"
"G2G","2026-06","GLAD2GLOW 紅石榴透亮精華17ml","4541","Matsumoto"
"G2G","2026-06","GLAD2GLOW 火山泥潔淨泥膜棒 25g","5353","Matsumoto"
"G2G","2026-06","GLAD2GLOW 積雪草化妝水 80ml","717","Matsumoto"
"G2G","2026-06","GLAD2GLOW 積雪草淨化調理潔面凝露 70ml","775","Matsumoto"
"G2G","2026-06","GLAD2GLOW 積雪草卸妝油 100ml","2061","Matsumoto"
"G2G","2026-06","GLAD2GLOW 積雪草卸妝油 100ml","3525","Nihon"
"G2G","2026-06","GLAD2GLOW 淨透377柚光精華 17ml","717","Matsumoto"
"G2G","2026-06","GLAD2GLOW 藍莓保濕面霜30g","2629","Matsumoto"
"G2G","2026-06","GLAD2GLOW 藍莓潔面乳 70ml","1352","Matsumoto"
"G2G","2026-06","GLAD2GLOW 牛奶潔面乳 80g","3742","Matsumoto"
"G2G","2026-06","GLAD2GLOW 柔焦裸肌潤色霜00N","11275","POYA"
"G2G","2026-06","GLAD2GLOW 柔焦裸肌潤色霜01N","14760","POYA"
"G2G","2026-06","GLAD2GLOW 柔焦裸肌潤色霜02N","13735","POYA"
"G2G","2026-06","GLAD2GLOW 柔焦裸肌潤色霜03N","9225","POYA"
"G2G","2026-06","GLAD2GLOW 視黃醇精華 17ml","2151","Matsumoto"
"G2G","2026-06","GLAD2GLOW 視黃醇面霜 30g","1434","Matsumoto"
"G2G","2026-06","GLAD2GLOW 舒緩保濕凝露 30g","1572","Matsumoto"
"G2G","2026-06","GLAD2GLOW 完美光澤氣墊 00N 11g","4788","Matsumoto"
"G2G","2026-06","GLAD2GLOW 完美光澤氣墊 01N 11g","4788","Matsumoto"
"G2G","2026-06","GLAD2GLOW 完美光澤氣墊 01W 11g","3950","Matsumoto"
"G2G","2026-06","GLAD2GLOW 完美光澤氣墊 02N 11g","2793","Matsumoto"
"G2G","2026-06","GLAD2GLOW 完美氣墊粉底00N色 11g","6732","Matsumoto"
"G2G","2026-06","GLAD2GLOW 完美氣墊粉底01N色 11g","8728","Matsumoto"
"G2G","2026-06","GLAD2GLOW 完美氣墊粉底01W色 11g","5916","Matsumoto"
"G2G","2026-06","GLAD2GLOW 完美氣墊粉底02N色 11g","4788","Matsumoto"
"G2G","2026-06","GLAD2GLOW 完美氣墊粉底02W色 11g","4313","Matsumoto"
"G2G","2026-06","GLAD2GLOW 完美氣墊粉底03N色 11g","3468","Matsumoto"
"G2G","2026-06","GLAD2GLOW 完美氣墊粉底04N色 11g","2369","Matsumoto"
"G2G","2026-06","GLAD2GLOW 櫻花卸妝水 300ml","7314","Matsumoto"
"G2G","2026-06","GLAD2GLOW?花卸妝水300ml","11323","Nihon"
"G2G","2026-06","GLAD2GLOW艾草淨膚泥膜棒25g","5016","Nihon"
"G2G","2026-06","GLAD2GLOW艾草淨膚泥膜棒25g","157815","POYA"
"G2G","2026-06","GLAD2GLOW白松露保濕亮澤精華噴霧","5301","Matsumoto"
"G2G","2026-06","GLAD2GLOW白松露保濕亮澤精華噴霧100ml","7475","Nihon"
"G2G","2026-06","GLAD2GLOW白松露保濕亮澤精華噴霧100ml","219852","POYA"
"G2G","2026-06","GLAD2GLOW長效霧感定妝噴霧 100ml","3107","Matsumoto"
"G2G","2026-06","GLAD2GLOW長效霧感定妝噴霧100ml","10222","Nihon"
"G2G","2026-06","GLAD2GLOW長效霧感定妝噴霧100ml","539883","POYA"
"G2G","2026-06","GLAD2GLOW嘟嘟水潤護唇精華01草莓紅7g","36315","Nihon"
"G2G","2026-06","GLAD2GLOW嘟嘟水潤護唇精華01草莓紅7g","1212146","POYA"
"G2G","2026-06","GLAD2GLOW嘟嘟水潤護唇精華02蜜桃橘7g","15064","Nihon"
"G2G","2026-06","GLAD2GLOW嘟嘟水潤護唇精華02蜜桃橘7g","525044","POYA"
"G2G","2026-06","GLAD2GLOW嘟嘟水潤護唇精華03葡萄紫7g","18292","Nihon"
"G2G","2026-06","GLAD2GLOW嘟嘟水潤護唇精華03葡萄紫7g","787267","POYA"
"G2G","2026-06","GLAD2GLOW嘟嘟水潤護唇精華04透明色7g","25286","Nihon"
"G2G","2026-06","GLAD2GLOW嘟嘟水潤護唇精華04透明色7g","1985360","POYA"
"G2G","2026-06","GLAD2GLOW果酸肌膚調理化妝水","799","Matsumoto"
"G2G","2026-06","GLAD2GLOW果酸肌膚調理化妝水100ml","2392","Nihon"
"G2G","2026-06","GLAD2GLOW果酸肌膚調理化妝水100ml","75051","POYA"
"G2G","2026-06","GLAD2GLOW紅石榴淨化透亮泥膜棒25g","2717","Nihon"
"G2G","2026-06","GLAD2GLOW紅石榴淨化透亮泥膜棒25g","94122","POYA"
"G2G","2026-06","GLAD2GLOW紅石榴透亮保濕面霜30g","6225","Nihon"
"G2G","2026-06","GLAD2GLOW紅石榴透亮保濕面霜30g","750639","POYA"
"G2G","2026-06","GLAD2GLOW紅石榴透亮精華17ml","4482","Nihon"
"G2G","2026-06","GLAD2GLOW紅石榴透亮精華17ml","300181","POYA"
"G2G","2026-06","GLAD2GLOW火山泥潔淨泥膜棒25g","4807","Nihon"
"G2G","2026-06","GLAD2GLOW火山泥潔淨泥膜棒25g","201096","POYA"
"G2G","2026-06","GLAD2GLOW積雪草化妝水80ml","747","Nihon"
"G2G","2026-06","GLAD2GLOW積雪草化妝水80ml","60347","POYA"
"G2G","2026-06","GLAD2GLOW積雪草淨化調理潔面凝露70ml","1254","Nihon"
"G2G","2026-06","GLAD2GLOW積雪草淨化調理潔面凝露70ml","48319","POYA"
"G2G","2026-06","GLAD2GLOW淨化調理面霜 30g","956","Matsumoto"
"G2G","2026-06","GLAD2GLOW淨化調理面霜30g","1743","Nihon"
"G2G","2026-06","GLAD2GLOW淨化調理面霜30g","46879","POYA"
"G2G","2026-06","GLAD2GLOW淨透377柚光精華17ml","3237","Nihon"
"G2G","2026-06","GLAD2GLOW淨透377柚光精華17ml","53613","POYA"
"G2G","2026-06","GLAD2GLOW藍莓保濕面霜30g","2241","Nihon"
"G2G","2026-06","GLAD2GLOW藍莓保濕面霜30g","135339","POYA"
"G2G","2026-06","GLAD2GLOW藍莓潔面乳70ml","1074","Nihon"
"G2G","2026-06","GLAD2GLOW藍莓潔面乳70ml","26335","POYA"
"G2G","2026-06","GLAD2GLOW牛奶潔面乳80g","5771","Nihon"
"G2G","2026-06","GLAD2GLOW牛奶潔面乳80g","237244","POYA"
"G2G","2026-06","GLAD2GLOW柔嫩淨膚精華 15ml","4960","Matsumoto"
"G2G","2026-06","GLAD2GLOW柔嫩淨膚精華15ml","3735","Nihon"
"G2G","2026-06","GLAD2GLOW柔嫩淨膚精華15ml","132608","POYA"
"G2G","2026-06","GLAD2GLOW視黃醇精華17ml","2061","Nihon"
"G2G","2026-06","GLAD2GLOW視黃醇精華17ml","84501","POYA"
"G2G","2026-06","GLAD2GLOW視黃醇面霜30g","1494","Nihon"
"G2G","2026-06","GLAD2GLOW視黃醇面霜30g","148925","POYA"
"G2G","2026-06","GLAD2GLOW舒緩保濕凝露30g","1832","Nihon"
"G2G","2026-06","GLAD2GLOW舒緩保濕凝露30g","35953","POYA"
"G2G","2026-06","GLAD2GLOW舒緩保濕凝露55g","72002","POYA"
"G2G","2026-06","GLAD2GLOW絲絨粉餅8.5g-00","2392","Nihon"
"G2G","2026-06","GLAD2GLOW絲絨粉餅8.5g-00","111202","POYA"
"G2G","2026-06","GLAD2GLOW絲絨粉餅8.5g-01","5382","Nihon"
"G2G","2026-06","GLAD2GLOW絲絨粉餅8.5g-01","133245","POYA"
"G2G","2026-06","GLAD2GLOW絲絨粉餅8.5g-02","5681","Nihon"
"G2G","2026-06","GLAD2GLOW絲絨粉餅8.5g-02","140154","POYA"
"G2G","2026-06","GLAD2GLOW絲絨粉餅8.5g-03","3887","Nihon"
"G2G","2026-06","GLAD2GLOW絲絨粉餅8.5g-03","85540","POYA"
"G2G","2026-06","GLAD2GLOW完美光澤氣墊11g-00N","8721","Nihon"
"G2G","2026-06","GLAD2GLOW完美光澤氣墊11g-00N","1167595","POYA"
"G2G","2026-06","GLAD2GLOW完美光澤氣墊11g-01N","10557","Nihon"
"G2G","2026-06","GLAD2GLOW完美光澤氣墊11g-01N","949325","POYA"
"G2G","2026-06","GLAD2GLOW完美光澤氣墊11g-01W","6426","Nihon"
"G2G","2026-06","GLAD2GLOW完美光澤氣墊11g-01W","550620","POYA"
"G2G","2026-06","GLAD2GLOW完美光澤氣墊11g-02N","7344","Nihon"
"G2G","2026-06","GLAD2GLOW完美光澤氣墊11g-02N","448476","POYA"
"G2G","2026-06","GLAD2GLOW完美光澤氣墊11g-02W","3672","Nihon"
"G2G","2026-06","GLAD2GLOW完美光澤氣墊11g-02W","328776","POYA"
"G2G","2026-06","GLAD2GLOW完美氣墊粉底11g-00N","6885","Nihon"
"G2G","2026-06","GLAD2GLOW完美氣墊粉底11g-00N","385833","POYA"
"G2G","2026-06","GLAD2GLOW完美氣墊粉底11g-01N","5586","Nihon"
"G2G","2026-06","GLAD2GLOW完美氣墊粉底11g-01N","383838","POYA"
"G2G","2026-06","GLAD2GLOW完美氣墊粉底11g-01W","3990","Nihon"
"G2G","2026-06","GLAD2GLOW完美氣墊粉底11g-01W","293664","POYA"
"G2G","2026-06","GLAD2GLOW完美氣墊粉底11g-02N","3990","Nihon"
"G2G","2026-06","GLAD2GLOW完美氣墊粉底11g-02N","312816","POYA"
"G2G","2026-06","GLAD2GLOW完美氣墊粉底11g-02W","3990","Nihon"
"G2G","2026-06","GLAD2GLOW完美氣墊粉底11g-02W","241395","POYA"
"G2G","2026-06","GLAD2GLOW完美氣墊粉底11g-03N","1197","Nihon"
"G2G","2026-06","GLAD2GLOW完美氣墊粉底11g-03N","183939","POYA"
"G2G","2026-06","GLAD2GLOW完美氣墊粉底11g-04N","3990","Nihon"
"G2G","2026-06","GLAD2GLOW完美氣墊粉底11g-04N","121695","POYA"
"G2G","2026-06","GLAD2GLOW櫻花卸妝水300ml","186543","POYA"
"G2G","2026-06","贈品-G2G毛絨水果掛件盲袋","0","POYA"
"G2G","2026-07","4897144700677","804","Cosmed"
"G2G","2026-07","4897144700684","395","Cosmed"
"G2G","2026-07","4897144700691","482","Cosmed"
"G2G","2026-07","4897144700707","903","Cosmed"
"G2G","2026-07","4897144700868","53","Cosmed"
"G2G","2026-07","4897144700943","80","Cosmed"
"G2G","2026-07","4897144700950","75","Cosmed"
"G2G","2026-07","4897144701063","83","Cosmed"
"G2G","2026-07","4897144701315","21","Cosmed"
"G2G","2026-07","4897144701322","31","Cosmed"
"G2G","2026-07","4897144701339","11","Cosmed"
"G2G","2026-07","4897144701346","8","Cosmed"
"G2G","2026-07","4897144701353","15","Cosmed"
"G2G","2026-07","4897144702558","277","Cosmed"
"G2G","2026-07","4897144702565","161","Cosmed"
"G2G","2026-07","4897144702596","412","Cosmed"
"G2G","2026-07","8809600543373","10","Cosmed"
"G2G","2026-07","8809601379018","122","Cosmed"
"G2G","2026-07","8809613116915","8","Cosmed"
"G2G","2026-07","8809613119152","7","Cosmed"
"G2G","2026-07","8809613711691","13","Cosmed"
"G2G","2026-07","8809616608936","9","Cosmed"
"G2G","2026-07","8809618376543","13","Cosmed"
"G2G","2026-07","8809622345665","36","Cosmed"
"G2G","2026-07","8809622456767","11","Cosmed"
"G2G","2026-07","8809623612735","9","Cosmed"
"G2G","2026-07","8809634537522","21","Cosmed"
"G2G","2026-07","8809639496039","1","Watsons"
"G2G","2026-07","8809646665985","17","Cosmed"
"G2G","2026-07","8809648583782","12","Cosmed"
"G2G","2026-07","8809648583973","21","Cosmed"
"G2G","2026-07","8809650138963","4","Cosmed"
"G2G","2026-07","8809650176491","13","Cosmed"
"G2G","2026-07","8809652637891","19","Cosmed"
"G2G","2026-07","8809658121349","90","Cosmed"
"G2G","2026-07","8809665287342","101","Cosmed"
"G2G","2026-07","8809674598705","9","Cosmed"
"G2G","2026-07","8809685309611","12","Cosmed"
"G2G","2026-07","8809685390961","14","Cosmed"
"G2G","2026-07","8809687005481","83","Cosmed"
"G2G","2026-07","8809688789892","17","Cosmed"
"G2G","2026-07","8809698873345","158","Cosmed"
"G2G","2026-07","8809699876789","18","Cosmed"
"G2G","2026-07","G2G-05","4","MOMO"
"G2G","2026-07","G2G-05","68","Watsons"
"G2G","2026-07","G2G-07","1","MOMO"
"G2G","2026-07","G2G-102","6","MOMO"
"G2G","2026-07","G2G-102","32","Watsons"
"G2G","2026-07","G2G-104","2","Watsons"
"G2G","2026-07","G2G-131","1","MOMO"
"G2G","2026-07","G2G-131","46","Watsons"
"G2G","2026-07","G2G-165Y","21","Watsons"
"G2G","2026-07","G2G-166Y","3","Watsons"
"G2G","2026-07","G2G-1940","1","MOMO"
"G2G","2026-07","G2G-1940","31","Watsons"
"G2G","2026-07","G2G-1941","34","Watsons"
"G2G","2026-07","G2G-1942","35","Watsons"
"G2G","2026-07","G2G-202","107","Watsons"
"G2G","2026-07","G2G-208","1","MOMO"
"G2G","2026-07","G2G-208","153","Watsons"
"G2G","2026-07","G2G-20900N","96","Watsons"
"G2G","2026-07","G2G-20901N","140","Watsons"
"G2G","2026-07","G2G-20902N","118","Watsons"
"G2G","2026-07","G2G-20903N","78","Watsons"
"G2G","2026-07","G2G-2111","167","Watsons"
"G2G","2026-07","G2G-2112","93","Watsons"
"G2G","2026-07","G2G-2115","512","Watsons"
"G2G","2026-07","G2G-2116","374","Watsons"
"G2G","2026-07","G2G-2117","757","Watsons"
"G2G","2026-07","G2G-211嘟嘟唇系列","37","MOMO"
"G2G","2026-07","G2G-211嘟嘟唇系列 (2入)","15","MOMO"
"G2G","2026-07","G2G-212","62","Watsons"
"G2G","2026-07","G2G-214","62","Watsons"
"G2G","2026-07","G2G-215","52","Watsons"
"G2G","2026-07","G2G-223","4","MOMO"
"G2G","2026-07","G2G-230N","108","Watsons"
"G2G","2026-07","G2G-231N","101","Watsons"
"G2G","2026-07","G2G-231W","81","Watsons"
"G2G","2026-07","G2G-232N","99","Watsons"
"G2G","2026-07","G2G-23NW系列","16","MOMO"
"G2G","2026-07","G2G-23NW系列+G2G-80系列","5","MOMO"
"G2G","2026-07","G2G-248","4","MOMO"
"G2G","2026-07","G2G-248","157","Watsons"
"G2G","2026-07","G2G-249","1","MOMO"
"G2G","2026-07","G2G-249","54","Watsons"
"G2G","2026-07","G2G-250","1","MOMO"
"G2G","2026-07","G2G-250","72","Watsons"
"G2G","2026-07","G2G-26","33","Watsons"
"G2G","2026-07","G2G-260","11","MOMO"
"G2G","2026-07","G2G-27","2","MOMO"
"G2G","2026-07","G2G-27","63","Watsons"
"G2G","2026-07","G2G-27300N","118","Watsons"
"G2G","2026-07","G2G-27301N","125","Watsons"
"G2G","2026-07","G2G-27301W","102","Watsons"
"G2G","2026-07","G2G-27302N","93","Watsons"
"G2G","2026-07","G2G-2730系列","7","MOMO"
"G2G","2026-07","G2G-27502","75","Watsons"
"G2G","2026-07","G2G-27503","134","Watsons"
"G2G","2026-07","G2G-27504","130","Watsons"
"G2G","2026-07","G2G-29","3","MOMO"
"G2G","2026-07","G2G-31","2","MOMO"
"G2G","2026-07","G2G-31","52","Watsons"
"G2G","2026-07","G2G-35","5","MOMO"
"G2G","2026-07","G2G-35","40","Watsons"
"G2G","2026-07","G2G-39","82","Watsons"
"G2G","2026-07","G2G-40","8","MOMO"
"G2G","2026-07","G2G-42","1","MOMO"
"G2G","2026-07","G2G-42","105","Watsons"
"G2G","2026-07","G2G-43","2","MOMO"
"G2G","2026-07","G2G-43","126","Watsons"
"G2G","2026-07","G2G-45","23","Watsons"
"G2G","2026-07","G2G-51","34","Watsons"
"G2G","2026-07","G2G-72","3","MOMO"
"G2G","2026-07","G2G-72","18","Watsons"
"G2G","2026-07","G2G-800","31","Watsons"
"G2G","2026-07","G2G-801","58","Watsons"
"G2G","2026-07","G2G-802","44","Watsons"
"G2G","2026-07","G2G-80系列","4","MOMO"
"G2G","2026-07","G2G-82","1","MOMO"
"G2G","2026-07","G2G-83","1","MOMO"
"G2G","2026-07","G2G-87","306","Watsons"
"G2G","2026-07","G2G有色絲絨粉餅00色號","555","Matsumoto"
"G2G","2026-07","G2G有色絲絨粉餅01色號","1794","Matsumoto"
"G2G","2026-07","G2G有色絲絨粉餅02色號","3258","Matsumoto"
"G2G","2026-07","G2G有色絲絨粉餅03色號","1173","Matsumoto"
"G2G","2026-07","GLAD2GLOW 2合1完美氣墊粉餅11ml+8g-00","111090","POYA"
"G2G","2026-07","GLAD2GLOW 2合1完美氣墊粉餅11ml+8g-01","133837","POYA"
"G2G","2026-07","GLAD2GLOW 2合1完美氣墊粉餅11ml+8g-02","112677","POYA"
"G2G","2026-07","GLAD2GLOW 2合1完美無瑕氣墊粉餅00色 11ml+8g","1602","Matsumoto"
"G2G","2026-07","GLAD2GLOW 2合1完美無瑕氣墊粉餅01色 11ml+8g","1118","Matsumoto"
"G2G","2026-07","GLAD2GLOW 2合1完美無瑕氣墊粉餅02色 11ml+8g","2747","Matsumoto"
"G2G","2026-07","GLAD2GLOW 377淨透煥采面霜 30g","717","Matsumoto"
"G2G","2026-07","GLAD2GLOW 377淨透煥采面霜30g","49210","POYA"
"G2G","2026-07","GLAD2GLOW PDRN 勻亮煥膚精華 20ml","662","Matsumoto"
"G2G","2026-07","GLAD2GLOW PDRN 勻亮修護精華乳霜 30g","449","Matsumoto"
"G2G","2026-07","GLAD2GLOW PDRN勻亮煥膚精華20ml","125085","POYA"
"G2G","2026-07","GLAD2GLOW PDRN勻亮修護精華乳霜30g","121857","POYA"
"G2G","2026-07","GLAD2GLOW 艾草淨膚泥膜棒 25g","1393","Matsumoto"
"G2G","2026-07","GLAD2GLOW 嘟嘟水潤護唇精華01 草莓紅 7g","18679","Matsumoto"
"G2G","2026-07","GLAD2GLOW 嘟嘟水潤護唇精華02 蜜桃橘 7g","9543","Matsumoto"
"G2G","2026-07","GLAD2GLOW 嘟嘟水潤護唇精華03 葡萄紫 7g","11741","Matsumoto"
"G2G","2026-07","GLAD2GLOW 嘟嘟水潤護唇精華04 透明色 7g","19276","Matsumoto"
"G2G","2026-07","GLAD2GLOW 嘟嘟水潤護唇精華05 柔和淡紫","428917","POYA"
"G2G","2026-07","GLAD2GLOW 嘟嘟水潤護唇精華06 樱桃汽水","198085","POYA"
"G2G","2026-07","GLAD2GLOW 嘟嘟水潤護唇精華07 南瓜奶凍","772417","POYA"
"G2G","2026-07","GLAD2GLOW 紅石榴淨化透亮泥膜棒 25g","1194","Matsumoto"
"G2G","2026-07","GLAD2GLOW 紅石榴透亮保溼面霜 30g","1912","Matsumoto"
"G2G","2026-07","GLAD2GLOW 紅石榴透亮精華17ml","1434","Matsumoto"
"G2G","2026-07","GLAD2GLOW 火山泥潔淨泥膜棒 25g","2786","Matsumoto"
"G2G","2026-07","GLAD2GLOW 積雪草化妝水 80ml","239","Matsumoto"
"G2G","2026-07","GLAD2GLOW 淨透377柚光精華 17ml","239","Matsumoto"
"G2G","2026-07","GLAD2GLOW 藍莓保濕面霜30g","1339","Matsumoto"
"G2G","2026-07","GLAD2GLOW 藍莓潔面乳 70ml","507","Matsumoto"
"G2G","2026-07","GLAD2GLOW 牛奶潔面乳 80g","542","Matsumoto"
"G2G","2026-07","GLAD2GLOW 柔焦裸肌潤色霜00N","49896","POYA"
"G2G","2026-07","GLAD2GLOW 柔焦裸肌潤色霜01N","55944","POYA"
"G2G","2026-07","GLAD2GLOW 柔焦裸肌潤色霜02N","46683","POYA"
"G2G","2026-07","GLAD2GLOW 柔焦裸肌潤色霜03N","38745","POYA"
"G2G","2026-07","GLAD2GLOW 視黃醇精華 17ml","239","Matsumoto"
"G2G","2026-07","GLAD2GLOW 視黃醇面霜 30g","239","Matsumoto"
"G2G","2026-07","GLAD2GLOW 舒緩保濕凝露 30g","398","Matsumoto"
"G2G","2026-07","GLAD2GLOW 完美光澤氣墊 00N 11g","2793","Matsumoto"
"G2G","2026-07","GLAD2GLOW 完美光澤氣墊 01N 11g","2737","Matsumoto"
"G2G","2026-07","GLAD2GLOW 完美光澤氣墊 01W 11g","399","Matsumoto"
"G2G","2026-07","GLAD2GLOW 完美光澤氣墊 02N 11g","1546","Matsumoto"
"G2G","2026-07","GLAD2GLOW 完美光澤氣墊 02W 11g","499","Matsumoto"
"G2G","2026-07","GLAD2GLOW 完美氣墊粉底00N色 11g","1539","Matsumoto"
"G2G","2026-07","GLAD2GLOW 完美氣墊粉底01N色 11g","1197","Matsumoto"
"G2G","2026-07","GLAD2GLOW 完美氣墊粉底01W色 11g","2342","Matsumoto"
"G2G","2026-07","GLAD2GLOW 完美氣墊粉底02N色 11g","2351","Matsumoto"
"G2G","2026-07","GLAD2GLOW 完美氣墊粉底02W色 11g","399","Matsumoto"
"G2G","2026-07","GLAD2GLOW 完美氣墊粉底03N色 11g","742","Matsumoto"
"G2G","2026-07","GLAD2GLOW 櫻花卸妝水 300ml","1908","Matsumoto"
"G2G","2026-07","GLAD2GLOW艾草淨膚泥膜棒25g","95264","POYA"
"G2G","2026-07","GLAD2GLOW白松露保濕亮澤精華噴霧","2767","Matsumoto"
"G2G","2026-07","GLAD2GLOW白松露保濕亮澤精華噴霧100ml","126324","POYA"
"G2G","2026-07","GLAD2GLOW長效霧感定妝噴霧 100ml","3518","Matsumoto"
"G2G","2026-07","GLAD2GLOW長效霧感定妝噴霧100ml","411032","POYA"
"G2G","2026-07","GLAD2GLOW嘟嘟水潤護唇精華01草莓紅7g","550974","POYA"
"G2G","2026-07","GLAD2GLOW嘟嘟水潤護唇精華02蜜桃橘7g","234496","POYA"
"G2G","2026-07","GLAD2GLOW嘟嘟水潤護唇精華03葡萄紫7g","322203","POYA"
"G2G","2026-07","GLAD2GLOW嘟嘟水潤護唇精華04透明色7g","939129","POYA"
"G2G","2026-07","GLAD2GLOW果酸肌膚調理化妝水","279","Matsumoto"
"G2G","2026-07","GLAD2GLOW果酸肌膚調理化妝水100ml","38918","POYA"
"G2G","2026-07","GLAD2GLOW紅石榴淨化透亮泥膜棒25g","61830","POYA"
"G2G","2026-07","GLAD2GLOW紅石榴透亮保濕面霜30g","315462","POYA"
"G2G","2026-07","GLAD2GLOW紅石榴透亮精華17ml","460146","POYA"
"G2G","2026-07","GLAD2GLOW火山泥潔淨泥膜棒25g","126866","POYA"
"G2G","2026-07","GLAD2GLOW積雪草化妝水80ml","38014","POYA"
"G2G","2026-07","GLAD2GLOW積雪草淨化調理潔面凝露70ml","44604","POYA"
"G2G","2026-07","GLAD2GLOW淨化調理面霜 30g","239","Matsumoto"
"G2G","2026-07","GLAD2GLOW淨化調理面霜30g","42217","POYA"
"G2G","2026-07","GLAD2GLOW淨透377柚光精華17ml","36519","POYA"
"G2G","2026-07","GLAD2GLOW藍莓保濕面霜30g","66357","POYA"
"G2G","2026-07","GLAD2GLOW藍莓潔面乳70ml","31144","POYA"
"G2G","2026-07","GLAD2GLOW牛奶潔面乳80g","182483","POYA"
"G2G","2026-07","GLAD2GLOW柔嫩淨膚精華 15ml","239","Matsumoto"
"G2G","2026-07","GLAD2GLOW柔嫩淨膚精華15ml","98699","POYA"
"G2G","2026-07","GLAD2GLOW視黃醇精華17ml","86562","POYA"
"G2G","2026-07","GLAD2GLOW視黃醇面霜30g","76650","POYA"
"G2G","2026-07","GLAD2GLOW舒緩保濕凝露30g","42984","POYA"
"G2G","2026-07","GLAD2GLOW舒緩保濕凝露55g","53613","POYA"
"G2G","2026-07","GLAD2GLOW絲絨粉餅8.5g-00","81263","POYA"
"G2G","2026-07","GLAD2GLOW絲絨粉餅8.5g-01","83566","POYA"
"G2G","2026-07","GLAD2GLOW絲絨粉餅8.5g-02","94423","POYA"
"G2G","2026-07","GLAD2GLOW絲絨粉餅8.5g-03","59549","POYA"
"G2G","2026-07","GLAD2GLOW完美光澤氣墊11g-00N","279699","POYA"
"G2G","2026-07","GLAD2GLOW完美光澤氣墊11g-01N","264936","POYA"
"G2G","2026-07","GLAD2GLOW完美光澤氣墊11g-01W","139650","POYA"
"G2G","2026-07","GLAD2GLOW完美光澤氣墊11g-02N","120498","POYA"
"G2G","2026-07","GLAD2GLOW完美光澤氣墊11g-02W","96558","POYA"
"G2G","2026-07","GLAD2GLOW完美氣墊粉底11g-00N","236622","POYA"
"G2G","2026-07","GLAD2GLOW完美氣墊粉底11g-01N","233830","POYA"
"G2G","2026-07","GLAD2GLOW完美氣墊粉底11g-01W","171010","POYA"
"G2G","2026-07","GLAD2GLOW完美氣墊粉底11g-02N","179386","POYA"
"G2G","2026-07","GLAD2GLOW完美氣墊粉底11g-02W","144137","POYA"
"G2G","2026-07","GLAD2GLOW完美氣墊粉底11g-03N","119358","POYA"
"G2G","2026-07","GLAD2GLOW完美氣墊粉底11g-04N","95277","POYA"
"G2G","2026-07","GLAD2GLOW櫻花卸妝水300ml","111523","POYA"
"G2G","2026-07","贈品-G2G毛絨水果掛件盲袋","0","POYA"
"SKT","2025-01","SKINTIFIC-01","868","Watsons"
"SKT","2025-01","SKINTIFIC-04","218","Watsons"
"SKT","2025-01","SKINTIFIC-05","6295","Watsons"
"SKT","2025-01","SKINTIFIC-08","51","Watsons"
"SKT","2025-01","SKINTIFIC-09","14","Watsons"
"SKT","2025-01","SKINTIFIC-105","5","Watsons"
"SKT","2025-01","SKINTIFIC-12","685","Watsons"
"SKT","2025-01","SKINTIFIC-129","61","Watsons"
"SKT","2025-01","SKINTIFIC-13","1457","Watsons"
"SKT","2025-01","SKINTIFIC-1340","12","Watsons"
"SKT","2025-01","SKINTIFIC-1341","39","Watsons"
"SKT","2025-01","SKINTIFIC-1342","77","Watsons"
"SKT","2025-01","SKINTIFIC-1343","44","Watsons"
"SKT","2025-01","SKINTIFIC-147","3766","Watsons"
"SKT","2025-01","SKINTIFIC-161","52","Watsons"
"SKT","2025-01","SKINTIFIC-17","125","Watsons"
"SKT","2025-01","SKINTIFIC-18","80","Watsons"
"SKT","2025-01","SKINTIFIC-180","95","Watsons"
"SKT","2025-01","SKINTIFIC-183","98","Watsons"
"SKT","2025-01","SKINTIFIC-19","12","Watsons"
"SKT","2025-01","SKINTIFIC-20","39","Watsons"
"SKT","2025-01","SKINTIFIC-209","65","Watsons"
"SKT","2025-01","SKINTIFIC-21","256","Watsons"
"SKT","2025-01","SKINTIFIC-210","42","Watsons"
"SKT","2025-01","SKINTIFIC-225","258","Watsons"
"SKT","2025-01","SKINTIFIC-261","19","Watsons"
"SKT","2025-01","SKINTIFIC-262","21","Watsons"
"SKT","2025-01","SKINTIFIC-263","33","Watsons"
"SKT","2025-01","SKINTIFIC-271","4","Watsons"
"SKT","2025-01","SKINTIFIC-272","4","Watsons"
"SKT","2025-01","SKINTIFIC-273","7","Watsons"
"SKT","2025-01","SKINTIFIC-30","64","Watsons"
"SKT","2025-01","SKINTIFIC-31","19","Watsons"
"SKT","2025-01","SKINTIFIC-39","158","Watsons"
"SKT","2025-01","SKINTIFIC-40","32","Watsons"
"SKT","2025-01","SKINTIFIC-44","84","Watsons"
"SKT","2025-01","SKINTIFIC-57","16","Watsons"
"SKT","2025-01","SKINTIFIC-77","10480","Watsons"
"SKT","2025-01","SKINTIFIC-86","8","Watsons"
"SKT","2025-01","SKINTIFIC-90","10","Watsons"
"SKT","2025-01","未對照-300978","1","Watsons"
"SKT","2025-01","未對照-300979","11","Watsons"
"SKT","2025-01","未對照-300980","8","Watsons"
"SKT","2025-01","未對照-300981","10","Watsons"
"SKT","2025-01","未對照-300983","76","Watsons"
"SKT","2025-01","未對照-300984","28","Watsons"
"SKT","2025-02","SKINTIFIC-01","1491","Watsons"
"SKT","2025-02","SKINTIFIC-04","188","Watsons"
"SKT","2025-02","SKINTIFIC-05","15533","Watsons"
"SKT","2025-02","SKINTIFIC-08","290","Watsons"
"SKT","2025-02","SKINTIFIC-09","13","Watsons"
"SKT","2025-02","SKINTIFIC-105","11","Watsons"
"SKT","2025-02","SKINTIFIC-12","1326","Watsons"
"SKT","2025-02","SKINTIFIC-129","97","Watsons"
"SKT","2025-02","SKINTIFIC-13","2477","Watsons"
"SKT","2025-02","SKINTIFIC-1340","61","Watsons"
"SKT","2025-02","SKINTIFIC-1341","103","Watsons"
"SKT","2025-02","SKINTIFIC-1342","151","Watsons"
"SKT","2025-02","SKINTIFIC-1343","89","Watsons"
"SKT","2025-02","SKINTIFIC-147","5520","Watsons"
"SKT","2025-02","SKINTIFIC-161","52","Watsons"
"SKT","2025-02","SKINTIFIC-17","173","Watsons"
"SKT","2025-02","SKINTIFIC-18","95","Watsons"
"SKT","2025-02","SKINTIFIC-180","109","Watsons"
"SKT","2025-02","SKINTIFIC-183","112","Watsons"
"SKT","2025-02","SKINTIFIC-19","18","Watsons"
"SKT","2025-02","SKINTIFIC-20","101","Watsons"
"SKT","2025-02","SKINTIFIC-209","50","Watsons"
"SKT","2025-02","SKINTIFIC-21","325","Watsons"
"SKT","2025-02","SKINTIFIC-210","40","Watsons"
"SKT","2025-02","SKINTIFIC-225","230","Watsons"
"SKT","2025-02","SKINTIFIC-261","160","Watsons"
"SKT","2025-02","SKINTIFIC-262","167","Watsons"
"SKT","2025-02","SKINTIFIC-263","135","Watsons"
"SKT","2025-02","SKINTIFIC-271","16","Watsons"
"SKT","2025-02","SKINTIFIC-272","24","Watsons"
"SKT","2025-02","SKINTIFIC-273","11","Watsons"
"SKT","2025-02","SKINTIFIC-30","236","Watsons"
"SKT","2025-02","SKINTIFIC-31","65","Watsons"
"SKT","2025-02","SKINTIFIC-39","270","Watsons"
"SKT","2025-02","SKINTIFIC-40","74","Watsons"
"SKT","2025-02","SKINTIFIC-44","96","Watsons"
"SKT","2025-02","SKINTIFIC-57","38","Watsons"
"SKT","2025-02","SKINTIFIC-77","14347","Watsons"
"SKT","2025-02","SKINTIFIC-86","8","Watsons"
"SKT","2025-02","SKINTIFIC-90","14","Watsons"
"SKT","2025-02","未對照-300978","1","Watsons"
"SKT","2025-02","未對照-300979","2","Watsons"
"SKT","2025-02","未對照-300980","11","Watsons"
"SKT","2025-02","未對照-300981","4","Watsons"
"SKT","2025-02","未對照-300983","36","Watsons"
"SKT","2025-02","未對照-300984","9","Watsons"
"SKT","2025-03","SKINTIFIC-01","1491","Watsons"
"SKT","2025-03","SKINTIFIC-04","281","Watsons"
"SKT","2025-03","SKINTIFIC-05","12668","Watsons"
"SKT","2025-03","SKINTIFIC-08","293","Watsons"
"SKT","2025-03","SKINTIFIC-09","92","Watsons"
"SKT","2025-03","SKINTIFIC-105","18","Watsons"
"SKT","2025-03","SKINTIFIC-12","1205","Watsons"
"SKT","2025-03","SKINTIFIC-129","139","Watsons"
"SKT","2025-03","SKINTIFIC-13","2347","Watsons"
"SKT","2025-03","SKINTIFIC-1340","346","Watsons"
"SKT","2025-03","SKINTIFIC-1341","652","Watsons"
"SKT","2025-03","SKINTIFIC-1342","698","Watsons"
"SKT","2025-03","SKINTIFIC-1343","467","Watsons"
"SKT","2025-03","SKINTIFIC-147","6741","Watsons"
"SKT","2025-03","SKINTIFIC-161","123","Watsons"
"SKT","2025-03","SKINTIFIC-17","174","Watsons"
"SKT","2025-03","SKINTIFIC-18","142","Watsons"
"SKT","2025-03","SKINTIFIC-180","121","Watsons"
"SKT","2025-03","SKINTIFIC-183","163","Watsons"
"SKT","2025-03","SKINTIFIC-19","55","Watsons"
"SKT","2025-03","SKINTIFIC-20","101","Watsons"
"SKT","2025-03","SKINTIFIC-209","84","Watsons"
"SKT","2025-03","SKINTIFIC-21","460","Watsons"
"SKT","2025-03","SKINTIFIC-210","83","Watsons"
"SKT","2025-03","SKINTIFIC-225","379","Watsons"
"SKT","2025-03","SKINTIFIC-261","2411","Watsons"
"SKT","2025-03","SKINTIFIC-262","2454","Watsons"
"SKT","2025-03","SKINTIFIC-263","1765","Watsons"
"SKT","2025-03","SKINTIFIC-271","174","Watsons"
"SKT","2025-03","SKINTIFIC-272","125","Watsons"
"SKT","2025-03","SKINTIFIC-273","59","Watsons"
"SKT","2025-03","SKINTIFIC-30","291","Watsons"
"SKT","2025-03","SKINTIFIC-31","108","Watsons"
"SKT","2025-03","SKINTIFIC-39","290","Watsons"
"SKT","2025-03","SKINTIFIC-40","115","Watsons"
"SKT","2025-03","SKINTIFIC-44","144","Watsons"
"SKT","2025-03","SKINTIFIC-57","32","Watsons"
"SKT","2025-03","SKINTIFIC-77","22270","Watsons"
"SKT","2025-03","SKINTIFIC-86","9","Watsons"
"SKT","2025-03","SKINTIFIC-90","40","Watsons"
"SKT","2025-03","未對照-300979","3","Watsons"
"SKT","2025-03","未對照-300980","10","Watsons"
"SKT","2025-03","未對照-300981","3","Watsons"
"SKT","2025-03","未對照-300983","4","Watsons"
"SKT","2025-03","未對照-300984","9","Watsons"
"SKT","2025-03","未對照-303618","2","Watsons"
"SKT","2025-03","未對照-303619","1","Watsons"
"SKT","2025-03","未對照-303620","2","Watsons"
"SKT","2025-03","未對照-303621","2","Watsons"
"SKT","2025-03","未對照-303622","9","Watsons"
"SKT","2025-03","未對照-303629","3","Watsons"
"SKT","2025-03","未對照-303636","2","Watsons"
"SKT","2025-03","未對照-303637","4","Watsons"
"SKT","2025-03","未對照-303638","10","Watsons"
"SKT","2025-03","未對照-303639","1","Watsons"
"SKT","2025-03","未對照-303640","4","Watsons"
"SKT","2025-03","未對照-303641","1","Watsons"
"SKT","2025-03","未對照-303644","2","Watsons"
"SKT","2025-03","未對照-303647","1","Watsons"
"SKT","2025-03","未對照-303648","2","Watsons"
"SKT","2025-03","未對照-303649","1","Watsons"
"SKT","2025-03","未對照-303650","2","Watsons"
"SKT","2025-04","SKINTIFIC-01","1165","Watsons"
"SKT","2025-04","SKINTIFIC-04","260","Watsons"
"SKT","2025-04","SKINTIFIC-05","15966","Watsons"
"SKT","2025-04","SKINTIFIC-08","96","Watsons"
"SKT","2025-04","SKINTIFIC-09","248","Watsons"
"SKT","2025-04","SKINTIFIC-105","17","Watsons"
"SKT","2025-04","SKINTIFIC-12","919","Watsons"
"SKT","2025-04","SKINTIFIC-129","104","Watsons"
"SKT","2025-04","SKINTIFIC-13","1565","Watsons"
"SKT","2025-04","SKINTIFIC-1340","322","Watsons"
"SKT","2025-04","SKINTIFIC-1341","595","Watsons"
"SKT","2025-04","SKINTIFIC-1342","459","Watsons"
"SKT","2025-04","SKINTIFIC-1343","323","Watsons"
"SKT","2025-04","SKINTIFIC-147","3792","Watsons"
"SKT","2025-04","SKINTIFIC-161","79","Watsons"
"SKT","2025-04","SKINTIFIC-17","149","Watsons"
"SKT","2025-04","SKINTIFIC-18","118","Watsons"
"SKT","2025-04","SKINTIFIC-180","115","Watsons"
"SKT","2025-04","SKINTIFIC-183","145","Watsons"
"SKT","2025-04","SKINTIFIC-19","40","Watsons"
"SKT","2025-04","SKINTIFIC-20","47","Watsons"
"SKT","2025-04","SKINTIFIC-209","67","Watsons"
"SKT","2025-04","SKINTIFIC-21","339","Watsons"
"SKT","2025-04","SKINTIFIC-210","84","Watsons"
"SKT","2025-04","SKINTIFIC-225","337","Watsons"
"SKT","2025-04","SKINTIFIC-261","1538","Watsons"
"SKT","2025-04","SKINTIFIC-262","1127","Watsons"
"SKT","2025-04","SKINTIFIC-263","846","Watsons"
"SKT","2025-04","SKINTIFIC-271","133","Watsons"
"SKT","2025-04","SKINTIFIC-272","77","Watsons"
"SKT","2025-04","SKINTIFIC-273","37","Watsons"
"SKT","2025-04","SKINTIFIC-30","178","Watsons"
"SKT","2025-04","SKINTIFIC-31","92","Watsons"
"SKT","2025-04","SKINTIFIC-39","281","Watsons"
"SKT","2025-04","SKINTIFIC-40","89","Watsons"
"SKT","2025-04","SKINTIFIC-44","123","Watsons"
"SKT","2025-04","SKINTIFIC-57","40","Watsons"
"SKT","2025-04","SKINTIFIC-65","1534","Watsons"
"SKT","2025-04","SKINTIFIC-77","15355","Watsons"
"SKT","2025-04","SKINTIFIC-86","14","Watsons"
"SKT","2025-04","SKINTIFIC-90","27","Watsons"
"SKT","2025-04","未對照-300980","1","Watsons"
"SKT","2025-04","未對照-300983","1","Watsons"
"SKT","2025-04","未對照-300984","9","Watsons"
"SKT","2025-04","未對照-303618","1","Watsons"
"SKT","2025-04","未對照-303619","1","Watsons"
"SKT","2025-04","未對照-303622","2","Watsons"
"SKT","2025-04","未對照-303630","36","Watsons"
"SKT","2025-04","未對照-303631","17","Watsons"
"SKT","2025-04","未對照-303632","10","Watsons"
"SKT","2025-04","未對照-303636","1","Watsons"
"SKT","2025-04","未對照-303637","2","Watsons"
"SKT","2025-04","未對照-303638","3","Watsons"
"SKT","2025-04","未對照-303639","3","Watsons"
"SKT","2025-04","未對照-303641","4","Watsons"
"SKT","2025-04","未對照-303644","1","Watsons"
"SKT","2025-04","未對照-303650","1","Watsons"
"SKT","2025-05","SKINTIFIC-01","1247","Watsons"
"SKT","2025-05","SKINTIFIC-04","260","Watsons"
"SKT","2025-05","SKINTIFIC-05","14010","Watsons"
"SKT","2025-05","SKINTIFIC-08","274","Watsons"
"SKT","2025-05","SKINTIFIC-09","470","Watsons"
"SKT","2025-05","SKINTIFIC-105","32","Watsons"
"SKT","2025-05","SKINTIFIC-12","886","Watsons"
"SKT","2025-05","SKINTIFIC-122","30","Watsons"
"SKT","2025-05","SKINTIFIC-129","133","Watsons"
"SKT","2025-05","SKINTIFIC-13","1617","Watsons"
"SKT","2025-05","SKINTIFIC-1340","525","Watsons"
"SKT","2025-05","SKINTIFIC-1341","759","Watsons"
"SKT","2025-05","SKINTIFIC-1342","499","Watsons"
"SKT","2025-05","SKINTIFIC-1343","342","Watsons"
"SKT","2025-05","SKINTIFIC-147","6633","Watsons"
"SKT","2025-05","SKINTIFIC-161","111","Watsons"
"SKT","2025-05","SKINTIFIC-17","139","Watsons"
"SKT","2025-05","SKINTIFIC-18","133","Watsons"
"SKT","2025-05","SKINTIFIC-180","143","Watsons"
"SKT","2025-05","SKINTIFIC-183","158","Watsons"
"SKT","2025-05","SKINTIFIC-19","35","Watsons"
"SKT","2025-05","SKINTIFIC-191","75","Watsons"
"SKT","2025-05","SKINTIFIC-195","24","Watsons"
"SKT","2025-05","SKINTIFIC-20","93","Watsons"
"SKT","2025-05","SKINTIFIC-201","51","Watsons"
"SKT","2025-05","SKINTIFIC-209","76","Watsons"
"SKT","2025-05","SKINTIFIC-21","384","Watsons"
"SKT","2025-05","SKINTIFIC-210","98","Watsons"
"SKT","2025-05","SKINTIFIC-225","263","Watsons"
"SKT","2025-05","SKINTIFIC-227","60","Watsons"
"SKT","2025-05","SKINTIFIC-260N","11","Watsons"
"SKT","2025-05","SKINTIFIC-260W","7","Watsons"
"SKT","2025-05","SKINTIFIC-261","2095","Watsons"
"SKT","2025-05","SKINTIFIC-262","1278","Watsons"
"SKT","2025-05","SKINTIFIC-263","909","Watsons"
"SKT","2025-05","SKINTIFIC-271","110","Watsons"
"SKT","2025-05","SKINTIFIC-272","70","Watsons"
"SKT","2025-05","SKINTIFIC-273","28","Watsons"
"SKT","2025-05","SKINTIFIC-30","235","Watsons"
"SKT","2025-05","SKINTIFIC-31","90","Watsons"
"SKT","2025-05","SKINTIFIC-39","258","Watsons"
"SKT","2025-05","SKINTIFIC-40","129","Watsons"
"SKT","2025-05","SKINTIFIC-44","151","Watsons"
"SKT","2025-05","SKINTIFIC-56","71","Watsons"
"SKT","2025-05","SKINTIFIC-57","30","Watsons"
"SKT","2025-05","SKINTIFIC-65","5578","Watsons"
"SKT","2025-05","SKINTIFIC-77","22433","Watsons"
"SKT","2025-05","SKINTIFIC-86","16","Watsons"
"SKT","2025-05","SKINTIFIC-90","38","Watsons"
"SKT","2025-05","未對照-300978","2","Watsons"
"SKT","2025-05","未對照-300979","1","Watsons"
"SKT","2025-05","未對照-300981","3","Watsons"
"SKT","2025-05","未對照-300983","14","Watsons"
"SKT","2025-05","未對照-300984","2","Watsons"
"SKT","2025-05","未對照-303618","2","Watsons"
"SKT","2025-05","未對照-303620","2","Watsons"
"SKT","2025-05","未對照-303621","1","Watsons"
"SKT","2025-05","未對照-303622","6","Watsons"
"SKT","2025-05","未對照-303630","13","Watsons"
"SKT","2025-05","未對照-303631","9","Watsons"
"SKT","2025-05","未對照-303632","5","Watsons"
"SKT","2025-05","未對照-303636","1","Watsons"
"SKT","2025-05","未對照-303637","1","Watsons"
"SKT","2025-05","未對照-303638","3","Watsons"
"SKT","2025-05","未對照-303640","1","Watsons"
"SKT","2025-05","未對照-303644","3","Watsons"
"SKT","2025-05","未對照-303648","1","Watsons"
"SKT","2025-05","未對照-303649","1","Watsons"
"SKT","2025-05","未對照-303650","1","Watsons"
"SKT","2025-06","SKINTIFIC-01","1011","Watsons"
"SKT","2025-06","SKINTIFIC-04","246","Watsons"
"SKT","2025-06","SKINTIFIC-05","7867","Watsons"
"SKT","2025-06","SKINTIFIC-08","277","Watsons"
"SKT","2025-06","SKINTIFIC-09","415","Watsons"
"SKT","2025-06","SKINTIFIC-105","21","Watsons"
"SKT","2025-06","SKINTIFIC-12","845","Watsons"
"SKT","2025-06","SKINTIFIC-122","87","Watsons"
"SKT","2025-06","SKINTIFIC-129","137","Watsons"
"SKT","2025-06","SKINTIFIC-13","1440","Watsons"
"SKT","2025-06","SKINTIFIC-1340","516","Watsons"
"SKT","2025-06","SKINTIFIC-1341","587","Watsons"
"SKT","2025-06","SKINTIFIC-1342","507","Watsons"
"SKT","2025-06","SKINTIFIC-1343","342","Watsons"
"SKT","2025-06","SKINTIFIC-147","3602","Watsons"
"SKT","2025-06","SKINTIFIC-161","107","Watsons"
"SKT","2025-06","SKINTIFIC-17","231","Watsons"
"SKT","2025-06","SKINTIFIC-18","145","Watsons"
"SKT","2025-06","SKINTIFIC-180","178","Watsons"
"SKT","2025-06","SKINTIFIC-183","160","Watsons"
"SKT","2025-06","SKINTIFIC-19","48","Watsons"
"SKT","2025-06","SKINTIFIC-191","373","Watsons"
"SKT","2025-06","SKINTIFIC-195","102","Watsons"
"SKT","2025-06","SKINTIFIC-20","116","Watsons"
"SKT","2025-06","SKINTIFIC-201","228","Watsons"
"SKT","2025-06","SKINTIFIC-209","90","Watsons"
"SKT","2025-06","SKINTIFIC-21","476","Watsons"
"SKT","2025-06","SKINTIFIC-210","96","Watsons"
"SKT","2025-06","SKINTIFIC-212","31","Watsons"
"SKT","2025-06","SKINTIFIC-225","233","Watsons"
"SKT","2025-06","SKINTIFIC-227","328","Watsons"
"SKT","2025-06","SKINTIFIC-260N","236","Watsons"
"SKT","2025-06","SKINTIFIC-260W","94","Watsons"
"SKT","2025-06","SKINTIFIC-261","1675","Watsons"
"SKT","2025-06","SKINTIFIC-261N","96","Watsons"
"SKT","2025-06","SKINTIFIC-261W","56","Watsons"
"SKT","2025-06","SKINTIFIC-262","1212","Watsons"
"SKT","2025-06","SKINTIFIC-263","809","Watsons"
"SKT","2025-06","SKINTIFIC-271","97","Watsons"
"SKT","2025-06","SKINTIFIC-272","83","Watsons"
"SKT","2025-06","SKINTIFIC-273","35","Watsons"
"SKT","2025-06","SKINTIFIC-30","270","Watsons"
"SKT","2025-06","SKINTIFIC-31","76","Watsons"
"SKT","2025-06","SKINTIFIC-39","350","Watsons"
"SKT","2025-06","SKINTIFIC-40","207","Watsons"
"SKT","2025-06","SKINTIFIC-44","177","Watsons"
"SKT","2025-06","SKINTIFIC-56","221","Watsons"
"SKT","2025-06","SKINTIFIC-57","67","Watsons"
"SKT","2025-06","SKINTIFIC-64","97","Watsons"
"SKT","2025-06","SKINTIFIC-65","2513","Watsons"
"SKT","2025-06","SKINTIFIC-77","13083","Watsons"
"SKT","2025-06","SKINTIFIC-86","30","Watsons"
"SKT","2025-06","SKINTIFIC-90","55","Watsons"
"SKT","2025-06","未對照-300978","1","Watsons"
"SKT","2025-06","未對照-300979","4","Watsons"
"SKT","2025-06","未對照-300980","1","Watsons"
"SKT","2025-06","未對照-300981","1","Watsons"
"SKT","2025-06","未對照-300984","7","Watsons"
"SKT","2025-06","未對照-303618","1","Watsons"
"SKT","2025-06","未對照-303621","1","Watsons"
"SKT","2025-06","未對照-303622","1","Watsons"
"SKT","2025-06","未對照-303625","3","Watsons"
"SKT","2025-06","未對照-303626","4","Watsons"
"SKT","2025-06","未對照-303627","2","Watsons"
"SKT","2025-06","未對照-303628","1","Watsons"
"SKT","2025-06","未對照-303630","6","Watsons"
"SKT","2025-06","未對照-303631","11","Watsons"
"SKT","2025-06","未對照-303632","4","Watsons"
"SKT","2025-06","未對照-303636","1","Watsons"
"SKT","2025-06","未對照-303637","1","Watsons"
"SKT","2025-06","未對照-303639","1","Watsons"
"SKT","2025-06","未對照-303641","1","Watsons"
"SKT","2025-06","未對照-303642","1","Watsons"
"SKT","2025-06","未對照-303645","1","Watsons"
"SKT","2025-06","未對照-303647","1","Watsons"
"SKT","2025-06","未對照-303650","2","Watsons"
"SKT","2025-06","未對照-308124","1","Watsons"
"SKT","2025-06","未對照-308125","1","Watsons"
"SKT","2025-06","未對照-308129","1","Watsons"
"SKT","2025-06","未對照-308130","4","Watsons"
"SKT","2025-07","SKINTIFIC-01","661","Watsons"
"SKT","2025-07","SKINTIFIC-04","111","Watsons"
"SKT","2025-07","SKINTIFIC-05","4812","Watsons"
"SKT","2025-07","SKINTIFIC-08","158","Watsons"
"SKT","2025-07","SKINTIFIC-09","149","Watsons"
"SKT","2025-07","SKINTIFIC-105","17","Watsons"
"SKT","2025-07","SKINTIFIC-12","525","Watsons"
"SKT","2025-07","SKINTIFIC-122","56","Watsons"
"SKT","2025-07","SKINTIFIC-129","84","Watsons"
"SKT","2025-07","SKINTIFIC-13","836","Watsons"
"SKT","2025-07","SKINTIFIC-1340","361","Watsons"
"SKT","2025-07","SKINTIFIC-1341","407","Watsons"
"SKT","2025-07","SKINTIFIC-1342","380","Watsons"
"SKT","2025-07","SKINTIFIC-1343","251","Watsons"
"SKT","2025-07","SKINTIFIC-147","2070","Watsons"
"SKT","2025-07","SKINTIFIC-161","101","Watsons"
"SKT","2025-07","SKINTIFIC-17","171","Watsons"
"SKT","2025-07","SKINTIFIC-18","109","Watsons"
"SKT","2025-07","SKINTIFIC-180","118","Watsons"
"SKT","2025-07","SKINTIFIC-183","145","Watsons"
"SKT","2025-07","SKINTIFIC-19","24","Watsons"
"SKT","2025-07","SKINTIFIC-191","269","Watsons"
"SKT","2025-07","SKINTIFIC-195","106","Watsons"
"SKT","2025-07","SKINTIFIC-20","62","Watsons"
"SKT","2025-07","SKINTIFIC-201","232","Watsons"
"SKT","2025-07","SKINTIFIC-209","78","Watsons"
"SKT","2025-07","SKINTIFIC-21","384","Watsons"
"SKT","2025-07","SKINTIFIC-210","79","Watsons"
"SKT","2025-07","SKINTIFIC-212","2690","Watsons"
"SKT","2025-07","SKINTIFIC-225","167","Watsons"
"SKT","2025-07","SKINTIFIC-227","352","Watsons"
"SKT","2025-07","SKINTIFIC-260N","365","Watsons"
"SKT","2025-07","SKINTIFIC-260W","189","Watsons"
"SKT","2025-07","SKINTIFIC-261","867","Watsons"
"SKT","2025-07","SKINTIFIC-261N","218","Watsons"
"SKT","2025-07","SKINTIFIC-261W","164","Watsons"
"SKT","2025-07","SKINTIFIC-262","760","Watsons"
"SKT","2025-07","SKINTIFIC-263","456","Watsons"
"SKT","2025-07","SKINTIFIC-271","72","Watsons"
"SKT","2025-07","SKINTIFIC-272","65","Watsons"
"SKT","2025-07","SKINTIFIC-273","39","Watsons"
"SKT","2025-07","SKINTIFIC-30","194","Watsons"
"SKT","2025-07","SKINTIFIC-31","76","Watsons"
"SKT","2025-07","SKINTIFIC-39","310","Watsons"
"SKT","2025-07","SKINTIFIC-40","88","Watsons"
"SKT","2025-07","SKINTIFIC-44","174","Watsons"
"SKT","2025-07","SKINTIFIC-56","178","Watsons"
"SKT","2025-07","SKINTIFIC-57","35","Watsons"
"SKT","2025-07","SKINTIFIC-64","133","Watsons"
"SKT","2025-07","SKINTIFIC-65","2153","Watsons"
"SKT","2025-07","SKINTIFIC-77","7336","Watsons"
"SKT","2025-07","SKINTIFIC-86","45","Watsons"
"SKT","2025-07","SKINTIFIC-90","45","Watsons"
"SKT","2025-07","未對照-300979","1","Watsons"
"SKT","2025-07","未對照-300981","1","Watsons"
"SKT","2025-07","未對照-300983","1","Watsons"
"SKT","2025-07","未對照-300984","-1","Watsons"
"SKT","2025-07","未對照-303621","1","Watsons"
"SKT","2025-07","未對照-303626","2","Watsons"
"SKT","2025-07","未對照-303628","1","Watsons"
"SKT","2025-07","未對照-303630","5","Watsons"
"SKT","2025-07","未對照-303631","2","Watsons"
"SKT","2025-07","未對照-303638","2","Watsons"
"SKT","2025-07","未對照-303639","1","Watsons"
"SKT","2025-07","未對照-303642","1","Watsons"
"SKT","2025-07","未對照-303644","1","Watsons"
"SKT","2025-07","未對照-308124","2","Watsons"
"SKT","2025-07","未對照-308125","1","Watsons"
"SKT","2025-07","未對照-308126","1","Watsons"
"SKT","2025-07","未對照-308129","3","Watsons"
"SKT","2025-07","未對照-308130","9","Watsons"
"SKT","2025-07","未對照-308399","3","Watsons"
"SKT","2025-07","未對照-308400","1","Watsons"
"SKT","2025-07","未對照-308401","3","Watsons"
"SKT","2025-07","未對照-308758","2","Watsons"
"SKT","2025-08","SKINTIFIC-01","606","Watsons"
"SKT","2025-08","SKINTIFIC-04","136","Watsons"
"SKT","2025-08","SKINTIFIC-05","6575","Watsons"
"SKT","2025-08","SKINTIFIC-08","228","Watsons"
"SKT","2025-08","SKINTIFIC-09","156","Watsons"
"SKT","2025-08","SKINTIFIC-105","22","Watsons"
"SKT","2025-08","SKINTIFIC-114","10","Watsons"
"SKT","2025-08","SKINTIFIC-12","537","Watsons"
"SKT","2025-08","SKINTIFIC-120","2","Watsons"
"SKT","2025-08","SKINTIFIC-122","100","Watsons"
"SKT","2025-08","SKINTIFIC-129","132","Watsons"
"SKT","2025-08","SKINTIFIC-13","1064","Watsons"
"SKT","2025-08","SKINTIFIC-1340","440","Watsons"
"SKT","2025-08","SKINTIFIC-1341","494","Watsons"
"SKT","2025-08","SKINTIFIC-1342","487","Watsons"
"SKT","2025-08","SKINTIFIC-1343","326","Watsons"
"SKT","2025-08","SKINTIFIC-147","2387","Watsons"
"SKT","2025-08","SKINTIFIC-161","101","Watsons"
"SKT","2025-08","SKINTIFIC-17","166","Watsons"
"SKT","2025-08","SKINTIFIC-170","2","Watsons"
"SKT","2025-08","SKINTIFIC-18","102","Watsons"
"SKT","2025-08","SKINTIFIC-180","115","Watsons"
"SKT","2025-08","SKINTIFIC-183","162","Watsons"
"SKT","2025-08","SKINTIFIC-19","33","Watsons"
"SKT","2025-08","SKINTIFIC-191","376","Watsons"
"SKT","2025-08","SKINTIFIC-195","127","Watsons"
"SKT","2025-08","SKINTIFIC-20","98","Watsons"
"SKT","2025-08","SKINTIFIC-201","479","Watsons"
"SKT","2025-08","SKINTIFIC-209","129","Watsons"
"SKT","2025-08","SKINTIFIC-21","413","Watsons"
"SKT","2025-08","SKINTIFIC-210","112","Watsons"
"SKT","2025-08","SKINTIFIC-212","811","Watsons"
"SKT","2025-08","SKINTIFIC-225","163","Watsons"
"SKT","2025-08","SKINTIFIC-227","672","Watsons"
"SKT","2025-08","SKINTIFIC-2461","1","Watsons"
"SKT","2025-08","SKINTIFIC-2462","1","Watsons"
"SKT","2025-08","SKINTIFIC-2463","1","Watsons"
"SKT","2025-08","SKINTIFIC-2490W","1","Watsons"
"SKT","2025-08","SKINTIFIC-2492N","1","Watsons"
"SKT","2025-08","SKINTIFIC-260N","499","Watsons"
"SKT","2025-08","SKINTIFIC-260W","256","Watsons"
"SKT","2025-08","SKINTIFIC-261","802","Watsons"
"SKT","2025-08","SKINTIFIC-261N","298","Watsons"
"SKT","2025-08","SKINTIFIC-261W","243","Watsons"
"SKT","2025-08","SKINTIFIC-262","775","Watsons"
"SKT","2025-08","SKINTIFIC-263","533","Watsons"
"SKT","2025-08","SKINTIFIC-269","4","Watsons"
"SKT","2025-08","SKINTIFIC-271","70","Watsons"
"SKT","2025-08","SKINTIFIC-272","62","Watsons"
"SKT","2025-08","SKINTIFIC-273","34","Watsons"
"SKT","2025-08","SKINTIFIC-30","182","Watsons"
"SKT","2025-08","SKINTIFIC-31","87","Watsons"
"SKT","2025-08","SKINTIFIC-39","408","Watsons"
"SKT","2025-08","SKINTIFIC-40","109","Watsons"
"SKT","2025-08","SKINTIFIC-44","161","Watsons"
"SKT","2025-08","SKINTIFIC-56","288","Watsons"
"SKT","2025-08","SKINTIFIC-57","63","Watsons"
"SKT","2025-08","SKINTIFIC-64","238","Watsons"
"SKT","2025-08","SKINTIFIC-65","2674","Watsons"
"SKT","2025-08","SKINTIFIC-77","8332","Watsons"
"SKT","2025-08","SKINTIFIC-86","27","Watsons"
"SKT","2025-08","SKINTIFIC-90","70","Watsons"
"SKT","2025-08","未對照-300980","1","Watsons"
"SKT","2025-08","未對照-303623","1","Watsons"
"SKT","2025-08","未對照-303628","1","Watsons"
"SKT","2025-08","未對照-303630","2","Watsons"
"SKT","2025-08","未對照-303631","2","Watsons"
"SKT","2025-08","未對照-303632","2","Watsons"
"SKT","2025-08","未對照-303636","1","Watsons"
"SKT","2025-08","未對照-303639","1","Watsons"
"SKT","2025-08","未對照-303641","1","Watsons"
"SKT","2025-08","未對照-303648","1","Watsons"
"SKT","2025-08","未對照-308124","3","Watsons"
"SKT","2025-08","未對照-308129","1","Watsons"
"SKT","2025-08","未對照-308130","1","Watsons"
"SKT","2025-08","未對照-308399","3","Watsons"
"SKT","2025-08","未對照-308400","5","Watsons"
"SKT","2025-08","未對照-308401","1","Watsons"
"SKT","2025-08","未對照-308758","2","Watsons"
"SKT","2025-09","SKINTIFIC-01","587","Watsons"
"SKT","2025-09","SKINTIFIC-04","303","Watsons"
"SKT","2025-09","SKINTIFIC-05","18364","Watsons"
"SKT","2025-09","SKINTIFIC-08","212","Watsons"
"SKT","2025-09","SKINTIFIC-09","107","Watsons"
"SKT","2025-09","SKINTIFIC-105","27","Watsons"
"SKT","2025-09","SKINTIFIC-114","221","Watsons"
"SKT","2025-09","SKINTIFIC-12","608","Watsons"
"SKT","2025-09","SKINTIFIC-120","215","Watsons"
"SKT","2025-09","SKINTIFIC-122","113","Watsons"
"SKT","2025-09","SKINTIFIC-129","180","Watsons"
"SKT","2025-09","SKINTIFIC-13","1040","Watsons"
"SKT","2025-09","SKINTIFIC-1340","472","Watsons"
"SKT","2025-09","SKINTIFIC-1340N","4","Watsons"
"SKT","2025-09","SKINTIFIC-1340W","5","Watsons"
"SKT","2025-09","SKINTIFIC-1341","549","Watsons"
"SKT","2025-09","SKINTIFIC-1341N","10","Watsons"
"SKT","2025-09","SKINTIFIC-1341W","7","Watsons"
"SKT","2025-09","SKINTIFIC-1342","500","Watsons"
"SKT","2025-09","SKINTIFIC-1342N","5","Watsons"
"SKT","2025-09","SKINTIFIC-1342W","1","Watsons"
"SKT","2025-09","SKINTIFIC-1343","361","Watsons"
"SKT","2025-09","SKINTIFIC-1343N","1","Watsons"
"SKT","2025-09","SKINTIFIC-1343W","4","Watsons"
"SKT","2025-09","SKINTIFIC-147","1756","Watsons"
"SKT","2025-09","SKINTIFIC-161","95","Watsons"
"SKT","2025-09","SKINTIFIC-17","184","Watsons"
"SKT","2025-09","SKINTIFIC-170","236","Watsons"
"SKT","2025-09","SKINTIFIC-18","91","Watsons"
"SKT","2025-09","SKINTIFIC-180","135","Watsons"
"SKT","2025-09","SKINTIFIC-183","164","Watsons"
"SKT","2025-09","SKINTIFIC-19","35","Watsons"
"SKT","2025-09","SKINTIFIC-191","393","Watsons"
"SKT","2025-09","SKINTIFIC-195","159","Watsons"
"SKT","2025-09","SKINTIFIC-20","102","Watsons"
"SKT","2025-09","SKINTIFIC-201","407","Watsons"
"SKT","2025-09","SKINTIFIC-209","128","Watsons"
"SKT","2025-09","SKINTIFIC-21","424","Watsons"
"SKT","2025-09","SKINTIFIC-210","143","Watsons"
"SKT","2025-09","SKINTIFIC-212","234","Watsons"
"SKT","2025-09","SKINTIFIC-225","233","Watsons"
"SKT","2025-09","SKINTIFIC-227","571","Watsons"
"SKT","2025-09","SKINTIFIC-2461","3","Watsons"
"SKT","2025-09","SKINTIFIC-2462","8","Watsons"
"SKT","2025-09","SKINTIFIC-2463","1","Watsons"
"SKT","2025-09","SKINTIFIC-2463A","1","Watsons"
"SKT","2025-09","SKINTIFIC-2490N","4","Watsons"
"SKT","2025-09","SKINTIFIC-2490W","5","Watsons"
"SKT","2025-09","SKINTIFIC-2491N","8","Watsons"
"SKT","2025-09","SKINTIFIC-2491W","4","Watsons"
"SKT","2025-09","SKINTIFIC-2492N","3","Watsons"
"SKT","2025-09","SKINTIFIC-2492W","1","Watsons"
"SKT","2025-09","SKINTIFIC-260N","511","Watsons"
"SKT","2025-09","SKINTIFIC-260W","296","Watsons"
"SKT","2025-09","SKINTIFIC-261","753","Watsons"
"SKT","2025-09","SKINTIFIC-261N","364","Watsons"
"SKT","2025-09","SKINTIFIC-261W","250","Watsons"
"SKT","2025-09","SKINTIFIC-262","733","Watsons"
"SKT","2025-09","SKINTIFIC-262N","3","Watsons"
"SKT","2025-09","SKINTIFIC-262W","7","Watsons"
"SKT","2025-09","SKINTIFIC-263","523","Watsons"
"SKT","2025-09","SKINTIFIC-269","2359","Watsons"
"SKT","2025-09","SKINTIFIC-271","73","Watsons"
"SKT","2025-09","SKINTIFIC-272","79","Watsons"
"SKT","2025-09","SKINTIFIC-273","61","Watsons"
"SKT","2025-09","SKINTIFIC-298","93","Watsons"
"SKT","2025-09","SKINTIFIC-30","149","Watsons"
"SKT","2025-09","SKINTIFIC-31","125","Watsons"
"SKT","2025-09","SKINTIFIC-39","470","Watsons"
"SKT","2025-09","SKINTIFIC-40","88","Watsons"
"SKT","2025-09","SKINTIFIC-44","174","Watsons"
"SKT","2025-09","SKINTIFIC-56","292","Watsons"
"SKT","2025-09","SKINTIFIC-57","86","Watsons"
"SKT","2025-09","SKINTIFIC-64","180","Watsons"
"SKT","2025-09","SKINTIFIC-65","2345","Watsons"
"SKT","2025-09","SKINTIFIC-77","6218","Watsons"
"SKT","2025-09","SKINTIFIC-86","29","Watsons"
"SKT","2025-09","SKINTIFIC-90","74","Watsons"
"SKT","2025-09","未對照-300981","1","Watsons"
"SKT","2025-09","未對照-303622","2","Watsons"
"SKT","2025-09","未對照-303627","1","Watsons"
"SKT","2025-09","未對照-303637","1","Watsons"
"SKT","2025-09","未對照-303638","1","Watsons"
"SKT","2025-09","未對照-303639","1","Watsons"
"SKT","2025-09","未對照-303641","1","Watsons"
"SKT","2025-09","未對照-303648","1","Watsons"
"SKT","2025-09","未對照-308124","1","Watsons"
"SKT","2025-09","未對照-308130","4","Watsons"
"SKT","2025-09","未對照-308399","2","Watsons"
"SKT","2025-09","未對照-308400","2","Watsons"
"SKT","2025-09","未對照-308401","2","Watsons"
"SKT","2025-09","未對照-308758","1","Watsons"
"SKT","2025-09","未對照-311911","4","Watsons"
"SKT","2025-09","未對照-311912","1","Watsons"
"SKT","2025-09","未對照-311913","3","Watsons"
"SKT","2025-10","SKINTIFIC-01","223","Watsons"
"SKT","2025-10","SKINTIFIC-04","244","Watsons"
"SKT","2025-10","SKINTIFIC-05","4661","Watsons"
"SKT","2025-10","SKINTIFIC-08","85","Watsons"
"SKT","2025-10","SKINTIFIC-09","38","Watsons"
"SKT","2025-10","SKINTIFIC-105","20","Watsons"
"SKT","2025-10","SKINTIFIC-114","191","Watsons"
"SKT","2025-10","SKINTIFIC-12","366","Watsons"
"SKT","2025-10","SKINTIFIC-120","118","Watsons"
"SKT","2025-10","SKINTIFIC-122","81","Watsons"
"SKT","2025-10","SKINTIFIC-129","140","Watsons"
"SKT","2025-10","SKINTIFIC-13","589","Watsons"
"SKT","2025-10","SKINTIFIC-1340","283","Watsons"
"SKT","2025-10","SKINTIFIC-1340N","16","Watsons"
"SKT","2025-10","SKINTIFIC-1340W","5","Watsons"
"SKT","2025-10","SKINTIFIC-1341","331","Watsons"
"SKT","2025-10","SKINTIFIC-1341N","7","Watsons"
"SKT","2025-10","SKINTIFIC-1341W","8","Watsons"
"SKT","2025-10","SKINTIFIC-1342","351","Watsons"
"SKT","2025-10","SKINTIFIC-1342N","10","Watsons"
"SKT","2025-10","SKINTIFIC-1342W","10","Watsons"
"SKT","2025-10","SKINTIFIC-1343","241","Watsons"
"SKT","2025-10","SKINTIFIC-1343N","7","Watsons"
"SKT","2025-10","SKINTIFIC-1343W","6","Watsons"
"SKT","2025-10","SKINTIFIC-147","1288","Watsons"
"SKT","2025-10","SKINTIFIC-161","60","Watsons"
"SKT","2025-10","SKINTIFIC-17","137","Watsons"
"SKT","2025-10","SKINTIFIC-170","236","Watsons"
"SKT","2025-10","SKINTIFIC-18","63","Watsons"
"SKT","2025-10","SKINTIFIC-180","89","Watsons"
"SKT","2025-10","SKINTIFIC-183","97","Watsons"
"SKT","2025-10","SKINTIFIC-19","42","Watsons"
"SKT","2025-10","SKINTIFIC-191","206","Watsons"
"SKT","2025-10","SKINTIFIC-195","85","Watsons"
"SKT","2025-10","SKINTIFIC-20","79","Watsons"
"SKT","2025-10","SKINTIFIC-201","266","Watsons"
"SKT","2025-10","SKINTIFIC-209","101","Watsons"
"SKT","2025-10","SKINTIFIC-21","315","Watsons"
"SKT","2025-10","SKINTIFIC-210","97","Watsons"
"SKT","2025-10","SKINTIFIC-212","225","Watsons"
"SKT","2025-10","SKINTIFIC-225","133","Watsons"
"SKT","2025-10","SKINTIFIC-227","291","Watsons"
"SKT","2025-10","SKINTIFIC-2461","5","Watsons"
"SKT","2025-10","SKINTIFIC-2462","10","Watsons"
"SKT","2025-10","SKINTIFIC-2463","7","Watsons"
"SKT","2025-10","SKINTIFIC-2463A","2","Watsons"
"SKT","2025-10","SKINTIFIC-2490N","11","Watsons"
"SKT","2025-10","SKINTIFIC-2490W","6","Watsons"
"SKT","2025-10","SKINTIFIC-2491N","12","Watsons"
"SKT","2025-10","SKINTIFIC-2491W","6","Watsons"
"SKT","2025-10","SKINTIFIC-2492N","6","Watsons"
"SKT","2025-10","SKINTIFIC-2492W","4","Watsons"
"SKT","2025-10","SKINTIFIC-260N","439","Watsons"
"SKT","2025-10","SKINTIFIC-260W","277","Watsons"
"SKT","2025-10","SKINTIFIC-261","504","Watsons"
"SKT","2025-10","SKINTIFIC-261N","267","Watsons"
"SKT","2025-10","SKINTIFIC-261W","215","Watsons"
"SKT","2025-10","SKINTIFIC-262","545","Watsons"
"SKT","2025-10","SKINTIFIC-262N","20","Watsons"
"SKT","2025-10","SKINTIFIC-262W","15","Watsons"
"SKT","2025-10","SKINTIFIC-263","381","Watsons"
"SKT","2025-10","SKINTIFIC-269","1938","Watsons"
"SKT","2025-10","SKINTIFIC-271","44","Watsons"
"SKT","2025-10","SKINTIFIC-272","53","Watsons"
"SKT","2025-10","SKINTIFIC-273","40","Watsons"
"SKT","2025-10","SKINTIFIC-298","690","Watsons"
"SKT","2025-10","SKINTIFIC-30","84","Watsons"
"SKT","2025-10","SKINTIFIC-31","113","Watsons"
"SKT","2025-10","SKINTIFIC-39","353","Watsons"
"SKT","2025-10","SKINTIFIC-40","35","Watsons"
"SKT","2025-10","SKINTIFIC-44","118","Watsons"
"SKT","2025-10","SKINTIFIC-56","217","Watsons"
"SKT","2025-10","SKINTIFIC-57","95","Watsons"
"SKT","2025-10","SKINTIFIC-64","104","Watsons"
"SKT","2025-10","SKINTIFIC-65","1815","Watsons"
"SKT","2025-10","SKINTIFIC-77","4832","Watsons"
"SKT","2025-10","SKINTIFIC-86","22","Watsons"
"SKT","2025-10","SKINTIFIC-90","77","Watsons"
"SKT","2025-10","未對照-300979","33","Watsons"
"SKT","2025-10","未對照-300980","1","Watsons"
"SKT","2025-10","未對照-300981","8","Watsons"
"SKT","2025-10","未對照-300983","20","Watsons"
"SKT","2025-10","未對照-300984","1","Watsons"
"SKT","2025-10","未對照-303632","1","Watsons"
"SKT","2025-10","未對照-303640","1","Watsons"
"SKT","2025-10","未對照-303646","1","Watsons"
"SKT","2025-10","未對照-303647","1","Watsons"
"SKT","2025-10","未對照-303650","1","Watsons"
"SKT","2025-10","未對照-308129","1","Watsons"
"SKT","2025-10","未對照-308130","1","Watsons"
"SKT","2025-10","未對照-308131","9","Watsons"
"SKT","2025-10","未對照-308399","1","Watsons"
"SKT","2025-10","未對照-308400","1","Watsons"
"SKT","2025-10","未對照-308758","1","Watsons"
"SKT","2025-10","未對照-311911","6","Watsons"
"SKT","2025-10","未對照-311912","1","Watsons"
"SKT","2025-10","未對照-311913","1","Watsons"
"SKT","2025-11","SKINTIFIC-01","496","Watsons"
"SKT","2025-11","SKINTIFIC-04","303","Watsons"
"SKT","2025-11","SKINTIFIC-05","4511","Watsons"
"SKT","2025-11","SKINTIFIC-08","80","Watsons"
"SKT","2025-11","SKINTIFIC-09","69","Watsons"
"SKT","2025-11","SKINTIFIC-105","25","Watsons"
"SKT","2025-11","SKINTIFIC-114","226","Watsons"
"SKT","2025-11","SKINTIFIC-12","389","Watsons"
"SKT","2025-11","SKINTIFIC-120","323","Watsons"
"SKT","2025-11","SKINTIFIC-122","77","Watsons"
"SKT","2025-11","SKINTIFIC-129","188","Watsons"
"SKT","2025-11","SKINTIFIC-13","738","Watsons"
"SKT","2025-11","SKINTIFIC-1340","311","Watsons"
"SKT","2025-11","SKINTIFIC-1340N","17","Watsons"
"SKT","2025-11","SKINTIFIC-1340W","19","Watsons"
"SKT","2025-11","SKINTIFIC-1341","406","Watsons"
"SKT","2025-11","SKINTIFIC-1341N","28","Watsons"
"SKT","2025-11","SKINTIFIC-1341W","21","Watsons"
"SKT","2025-11","SKINTIFIC-1342","361","Watsons"
"SKT","2025-11","SKINTIFIC-1342N","17","Watsons"
"SKT","2025-11","SKINTIFIC-1342W","10","Watsons"
"SKT","2025-11","SKINTIFIC-1343","261","Watsons"
"SKT","2025-11","SKINTIFIC-1343N","13","Watsons"
"SKT","2025-11","SKINTIFIC-1343W","12","Watsons"
"SKT","2025-11","SKINTIFIC-147","896","Watsons"
"SKT","2025-11","SKINTIFIC-161","85","Watsons"
"SKT","2025-11","SKINTIFIC-17","297","Watsons"
"SKT","2025-11","SKINTIFIC-170","454","Watsons"
"SKT","2025-11","SKINTIFIC-17100N","16","Watsons"
"SKT","2025-11","SKINTIFIC-17101N","10","Watsons"
"SKT","2025-11","SKINTIFIC-17101W","9","Watsons"
"SKT","2025-11","SKINTIFIC-17102N","6","Watsons"
"SKT","2025-11","SKINTIFIC-18","65","Watsons"
"SKT","2025-11","SKINTIFIC-180","194","Watsons"
"SKT","2025-11","SKINTIFIC-183","220","Watsons"
"SKT","2025-11","SKINTIFIC-19","36","Watsons"
"SKT","2025-11","SKINTIFIC-191","327","Watsons"
"SKT","2025-11","SKINTIFIC-195","110","Watsons"
"SKT","2025-11","SKINTIFIC-20","113","Watsons"
"SKT","2025-11","SKINTIFIC-201","186","Watsons"
"SKT","2025-11","SKINTIFIC-209","96","Watsons"
"SKT","2025-11","SKINTIFIC-21","493","Watsons"
"SKT","2025-11","SKINTIFIC-210","115","Watsons"
"SKT","2025-11","SKINTIFIC-212","523","Watsons"
"SKT","2025-11","SKINTIFIC-225","157","Watsons"
"SKT","2025-11","SKINTIFIC-227","332","Watsons"
"SKT","2025-11","SKINTIFIC-2461","11","Watsons"
"SKT","2025-11","SKINTIFIC-2462","13","Watsons"
"SKT","2025-11","SKINTIFIC-2463","11","Watsons"
"SKT","2025-11","SKINTIFIC-2463A","11","Watsons"
"SKT","2025-11","SKINTIFIC-2490N","33","Watsons"
"SKT","2025-11","SKINTIFIC-2490W","23","Watsons"
"SKT","2025-11","SKINTIFIC-2491N","30","Watsons"
"SKT","2025-11","SKINTIFIC-2491W","19","Watsons"
"SKT","2025-11","SKINTIFIC-2492N","7","Watsons"
"SKT","2025-11","SKINTIFIC-2492W","11","Watsons"
"SKT","2025-11","SKINTIFIC-260N","387","Watsons"
"SKT","2025-11","SKINTIFIC-260W","250","Watsons"
"SKT","2025-11","SKINTIFIC-261","512","Watsons"
"SKT","2025-11","SKINTIFIC-261N","319","Watsons"
"SKT","2025-11","SKINTIFIC-261W","240","Watsons"
"SKT","2025-11","SKINTIFIC-262","557","Watsons"
"SKT","2025-11","SKINTIFIC-262N","31","Watsons"
"SKT","2025-11","SKINTIFIC-262W","20","Watsons"
"SKT","2025-11","SKINTIFIC-263","451","Watsons"
"SKT","2025-11","SKINTIFIC-269","3680","Watsons"
"SKT","2025-11","SKINTIFIC-271","54","Watsons"
"SKT","2025-11","SKINTIFIC-272","51","Watsons"
"SKT","2025-11","SKINTIFIC-273","42","Watsons"
"SKT","2025-11","SKINTIFIC-298","1680","Watsons"
"SKT","2025-11","SKINTIFIC-30","170","Watsons"
"SKT","2025-11","SKINTIFIC-31","76","Watsons"
"SKT","2025-11","SKINTIFIC-39","308","Watsons"
"SKT","2025-11","SKINTIFIC-40","33","Watsons"
"SKT","2025-11","SKINTIFIC-44","227","Watsons"
"SKT","2025-11","SKINTIFIC-56","220","Watsons"
"SKT","2025-11","SKINTIFIC-57","63","Watsons"
"SKT","2025-11","SKINTIFIC-64","30","Watsons"
"SKT","2025-11","SKINTIFIC-65","1277","Watsons"
"SKT","2025-11","SKINTIFIC-77","3222","Watsons"
"SKT","2025-11","SKINTIFIC-86","36","Watsons"
"SKT","2025-11","SKINTIFIC-90","54","Watsons"
"SKT","2025-11","未對照-300979","12","Watsons"
"SKT","2025-11","未對照-300981","6","Watsons"
"SKT","2025-11","未對照-300983","10","Watsons"
"SKT","2025-11","未對照-303640","7","Watsons"
"SKT","2025-11","未對照-303650","1","Watsons"
"SKT","2025-11","未對照-308124","1","Watsons"
"SKT","2025-11","未對照-308131","15","Watsons"
"SKT","2025-11","未對照-311912","2","Watsons"
"SKT","2025-11","未對照-311913","6","Watsons"
"SKT","2025-12","SKINTIFIC-01","536","Watsons"
"SKT","2025-12","SKINTIFIC-04","358","Watsons"
"SKT","2025-12","SKINTIFIC-05","4118","Watsons"
"SKT","2025-12","SKINTIFIC-08","135","Watsons"
"SKT","2025-12","SKINTIFIC-09","59","Watsons"
"SKT","2025-12","SKINTIFIC-105","28","Watsons"
"SKT","2025-12","SKINTIFIC-114","236","Watsons"
"SKT","2025-12","SKINTIFIC-12","541","Watsons"
"SKT","2025-12","SKINTIFIC-120","420","Watsons"
"SKT","2025-12","SKINTIFIC-122","91","Watsons"
"SKT","2025-12","SKINTIFIC-123","103","Watsons"
"SKT","2025-12","SKINTIFIC-1234","106","Watsons"
"SKT","2025-12","SKINTIFIC-1236","99","Watsons"
"SKT","2025-12","SKINTIFIC-129","210","Watsons"
"SKT","2025-12","SKINTIFIC-13","827","Watsons"
"SKT","2025-12","SKINTIFIC-1340","320","Watsons"
"SKT","2025-12","SKINTIFIC-1340N","220","Watsons"
"SKT","2025-12","SKINTIFIC-1340W","150","Watsons"
"SKT","2025-12","SKINTIFIC-1341","411","Watsons"
"SKT","2025-12","SKINTIFIC-1341N","43","Watsons"
"SKT","2025-12","SKINTIFIC-1341W","30","Watsons"
"SKT","2025-12","SKINTIFIC-1342","386","Watsons"
"SKT","2025-12","SKINTIFIC-1342N","31","Watsons"
"SKT","2025-12","SKINTIFIC-1342W","23","Watsons"
"SKT","2025-12","SKINTIFIC-1343","294","Watsons"
"SKT","2025-12","SKINTIFIC-1343N","20","Watsons"
"SKT","2025-12","SKINTIFIC-1343W","19","Watsons"
"SKT","2025-12","SKINTIFIC-147","747","Watsons"
"SKT","2025-12","SKINTIFIC-161","108","Watsons"
"SKT","2025-12","SKINTIFIC-17","324","Watsons"
"SKT","2025-12","SKINTIFIC-170","851","Watsons"
"SKT","2025-12","SKINTIFIC-17100N","104","Watsons"
"SKT","2025-12","SKINTIFIC-17101N","105","Watsons"
"SKT","2025-12","SKINTIFIC-17101W","68","Watsons"
"SKT","2025-12","SKINTIFIC-17102N","77","Watsons"
"SKT","2025-12","SKINTIFIC-17102W","2","Watsons"
"SKT","2025-12","SKINTIFIC-18","60","Watsons"
"SKT","2025-12","SKINTIFIC-180","224","Watsons"
"SKT","2025-12","SKINTIFIC-183","248","Watsons"
"SKT","2025-12","SKINTIFIC-19","20","Watsons"
"SKT","2025-12","SKINTIFIC-191","357","Watsons"
"SKT","2025-12","SKINTIFIC-195","139","Watsons"
"SKT","2025-12","SKINTIFIC-20","61","Watsons"
"SKT","2025-12","SKINTIFIC-201","216","Watsons"
"SKT","2025-12","SKINTIFIC-209","74","Watsons"
"SKT","2025-12","SKINTIFIC-21","493","Watsons"
"SKT","2025-12","SKINTIFIC-210","98","Watsons"
"SKT","2025-12","SKINTIFIC-212","106","Watsons"
"SKT","2025-12","SKINTIFIC-225","124","Watsons"
"SKT","2025-12","SKINTIFIC-227","349","Watsons"
"SKT","2025-12","SKINTIFIC-2461","18","Watsons"
"SKT","2025-12","SKINTIFIC-2462","23","Watsons"
"SKT","2025-12","SKINTIFIC-2463","10","Watsons"
"SKT","2025-12","SKINTIFIC-2463A","10","Watsons"
"SKT","2025-12","SKINTIFIC-2490N","48","Watsons"
"SKT","2025-12","SKINTIFIC-2490W","23","Watsons"
"SKT","2025-12","SKINTIFIC-2491N","62","Watsons"
"SKT","2025-12","SKINTIFIC-2491W","36","Watsons"
"SKT","2025-12","SKINTIFIC-2492N","24","Watsons"
"SKT","2025-12","SKINTIFIC-2492W","14","Watsons"
"SKT","2025-12","SKINTIFIC-260N","457","Watsons"
"SKT","2025-12","SKINTIFIC-260W","311","Watsons"
"SKT","2025-12","SKINTIFIC-261","494","Watsons"
"SKT","2025-12","SKINTIFIC-261N","381","Watsons"
"SKT","2025-12","SKINTIFIC-261W","274","Watsons"
"SKT","2025-12","SKINTIFIC-262","472","Watsons"
"SKT","2025-12","SKINTIFIC-262N","266","Watsons"
"SKT","2025-12","SKINTIFIC-262W","182","Watsons"
"SKT","2025-12","SKINTIFIC-263","388","Watsons"
"SKT","2025-12","SKINTIFIC-269","1100","Watsons"
"SKT","2025-12","SKINTIFIC-271","43","Watsons"
"SKT","2025-12","SKINTIFIC-272","67","Watsons"
"SKT","2025-12","SKINTIFIC-273","58","Watsons"
"SKT","2025-12","SKINTIFIC-298","5306","Watsons"
"SKT","2025-12","SKINTIFIC-30","193","Watsons"
"SKT","2025-12","SKINTIFIC-305","23","Watsons"
"SKT","2025-12","SKINTIFIC-31","63","Watsons"
"SKT","2025-12","SKINTIFIC-39","309","Watsons"
"SKT","2025-12","SKINTIFIC-40","25","Watsons"
"SKT","2025-12","SKINTIFIC-44","257","Watsons"
"SKT","2025-12","SKINTIFIC-56","248","Watsons"
"SKT","2025-12","SKINTIFIC-57","80","Watsons"
"SKT","2025-12","SKINTIFIC-64","42","Watsons"
"SKT","2025-12","SKINTIFIC-65","1048","Watsons"
"SKT","2025-12","SKINTIFIC-77","2490","Watsons"
"SKT","2025-12","SKINTIFIC-86","36","Watsons"
"SKT","2025-12","SKINTIFIC-90","64","Watsons"
"SKT","2025-12","SKINTIFIC-92","4","Watsons"
"SKT","2025-12","未對照-300979","4","Watsons"
"SKT","2025-12","未對照-300981","2","Watsons"
"SKT","2025-12","未對照-300983","7","Watsons"
"SKT","2025-12","未對照-303632","1","Watsons"
"SKT","2025-12","未對照-303637","1","Watsons"
"SKT","2025-12","未對照-303640","1","Watsons"
"SKT","2025-12","未對照-303650","1","Watsons"
"SKT","2025-12","未對照-308124","1","Watsons"
"SKT","2025-12","未對照-308131","9","Watsons"
"SKT","2025-12","未對照-311911","1","Watsons"
"SKT","2025-12","未對照-311912","2","Watsons"
"SKT","2025-12","未對照-311913","8","Watsons"
"SKT","2026-01","SKINTIFIC-01","469","Watsons"
"SKT","2026-01","SKINTIFIC-04","336","Watsons"
"SKT","2026-01","SKINTIFIC-05","11963","Watsons"
"SKT","2026-01","SKINTIFIC-08","128","Watsons"
"SKT","2026-01","SKINTIFIC-09","123","Watsons"
"SKT","2026-01","SKINTIFIC-105","17","Watsons"
"SKT","2026-01","SKINTIFIC-114","96","Watsons"
"SKT","2026-01","SKINTIFIC-12","435","Watsons"
"SKT","2026-01","SKINTIFIC-120","99","Watsons"
"SKT","2026-01","SKINTIFIC-122","78","Watsons"
"SKT","2026-01","SKINTIFIC-123","701","Watsons"
"SKT","2026-01","SKINTIFIC-1234","983","Watsons"
"SKT","2026-01","SKINTIFIC-1236","641","Watsons"
"SKT","2026-01","SKINTIFIC-129","76","Watsons"
"SKT","2026-01","SKINTIFIC-13","739","Watsons"
"SKT","2026-01","SKINTIFIC-1340","169","Watsons"
"SKT","2026-01","SKINTIFIC-1340N","1139","Watsons"
"SKT","2026-01","SKINTIFIC-1340W","722","Watsons"
"SKT","2026-01","SKINTIFIC-1341","279","Watsons"
"SKT","2026-01","SKINTIFIC-1341N","63","Watsons"
"SKT","2026-01","SKINTIFIC-1341W","37","Watsons"
"SKT","2026-01","SKINTIFIC-1342","273","Watsons"
"SKT","2026-01","SKINTIFIC-1342N","34","Watsons"
"SKT","2026-01","SKINTIFIC-1342W","26","Watsons"
"SKT","2026-01","SKINTIFIC-1343","193","Watsons"
"SKT","2026-01","SKINTIFIC-1343N","13","Watsons"
"SKT","2026-01","SKINTIFIC-1343W","20","Watsons"
"SKT","2026-01","SKINTIFIC-147","504","Watsons"
"SKT","2026-01","SKINTIFIC-161","115","Watsons"
"SKT","2026-01","SKINTIFIC-17","268","Watsons"
"SKT","2026-01","SKINTIFIC-170","924","Watsons"
"SKT","2026-01","SKINTIFIC-17100N","133","Watsons"
"SKT","2026-01","SKINTIFIC-17101N","132","Watsons"
"SKT","2026-01","SKINTIFIC-17101W","75","Watsons"
"SKT","2026-01","SKINTIFIC-17102N","74","Watsons"
"SKT","2026-01","SKINTIFIC-17102W","4","Watsons"
"SKT","2026-01","SKINTIFIC-18","72","Watsons"
"SKT","2026-01","SKINTIFIC-180","143","Watsons"
"SKT","2026-01","SKINTIFIC-183","184","Watsons"
"SKT","2026-01","SKINTIFIC-19","13","Watsons"
"SKT","2026-01","SKINTIFIC-191","363","Watsons"
"SKT","2026-01","SKINTIFIC-195","112","Watsons"
"SKT","2026-01","SKINTIFIC-20","76","Watsons"
"SKT","2026-01","SKINTIFIC-201","220","Watsons"
"SKT","2026-01","SKINTIFIC-209","68","Watsons"
"SKT","2026-01","SKINTIFIC-21","465","Watsons"
"SKT","2026-01","SKINTIFIC-210","81","Watsons"
"SKT","2026-01","SKINTIFIC-212","77","Watsons"
"SKT","2026-01","SKINTIFIC-225","89","Watsons"
"SKT","2026-01","SKINTIFIC-227","177","Watsons"
"SKT","2026-01","SKINTIFIC-2461","18","Watsons"
"SKT","2026-01","SKINTIFIC-2462","31","Watsons"
"SKT","2026-01","SKINTIFIC-2463","10","Watsons"
"SKT","2026-01","SKINTIFIC-2463A","15","Watsons"
"SKT","2026-01","SKINTIFIC-2490N","94","Watsons"
"SKT","2026-01","SKINTIFIC-2490W","37","Watsons"
"SKT","2026-01","SKINTIFIC-2491N","78","Watsons"
"SKT","2026-01","SKINTIFIC-2491W","26","Watsons"
"SKT","2026-01","SKINTIFIC-2492N","33","Watsons"
"SKT","2026-01","SKINTIFIC-2492W","23","Watsons"
"SKT","2026-01","SKINTIFIC-260N","384","Watsons"
"SKT","2026-01","SKINTIFIC-260W","238","Watsons"
"SKT","2026-01","SKINTIFIC-261","358","Watsons"
"SKT","2026-01","SKINTIFIC-261N","266","Watsons"
"SKT","2026-01","SKINTIFIC-261W","205","Watsons"
"SKT","2026-01","SKINTIFIC-262","244","Watsons"
"SKT","2026-01","SKINTIFIC-262N","1282","Watsons"
"SKT","2026-01","SKINTIFIC-262W","813","Watsons"
"SKT","2026-01","SKINTIFIC-263","236","Watsons"
"SKT","2026-01","SKINTIFIC-269","772","Watsons"
"SKT","2026-01","SKINTIFIC-271","27","Watsons"
"SKT","2026-01","SKINTIFIC-272","35","Watsons"
"SKT","2026-01","SKINTIFIC-273","25","Watsons"
"SKT","2026-01","SKINTIFIC-295","32","Watsons"
"SKT","2026-01","SKINTIFIC-298","6336","Watsons"
"SKT","2026-01","SKINTIFIC-30","163","Watsons"
"SKT","2026-01","SKINTIFIC-305","155","Watsons"
"SKT","2026-01","SKINTIFIC-31","43","Watsons"
"SKT","2026-01","SKINTIFIC-39","327","Watsons"
"SKT","2026-01","SKINTIFIC-40","1","Watsons"
"SKT","2026-01","SKINTIFIC-44","205","Watsons"
"SKT","2026-01","SKINTIFIC-56","208","Watsons"
"SKT","2026-01","SKINTIFIC-57","53","Watsons"
"SKT","2026-01","SKINTIFIC-64","21","Watsons"
"SKT","2026-01","SKINTIFIC-65","697","Watsons"
"SKT","2026-01","SKINTIFIC-77","1776","Watsons"
"SKT","2026-01","SKINTIFIC-86","25","Watsons"
"SKT","2026-01","SKINTIFIC-90","34","Watsons"
"SKT","2026-01","SKINTIFIC-92","71","Watsons"
"SKT","2026-01","未對照-300979","1","Watsons"
"SKT","2026-01","未對照-300981","2","Watsons"
"SKT","2026-01","未對照-300983","4","Watsons"
"SKT","2026-01","未對照-303623","1","Watsons"
"SKT","2026-01","未對照-303630","1","Watsons"
"SKT","2026-01","未對照-303640","2","Watsons"
"SKT","2026-01","未對照-308129","1","Watsons"
"SKT","2026-01","未對照-308401","1","Watsons"
"SKT","2026-01","未對照-311913","2","Watsons"
"SKT","2026-02","7554411566554","27","Cosmed"
"SKT","2026-02","810114870044","3","Cosmed"
"SKT","2026-02","810114870327","2","Cosmed"
"SKT","2026-02","810114870341","7","Cosmed"
"SKT","2026-02","810114871195","8","Cosmed"
"SKT","2026-02","810114871775","3","Cosmed"
"SKT","2026-02","810114871867","1","Cosmed"
"SKT","2026-02","810114872833","4","Cosmed"
"SKT","2026-02","8101148747528","11","Cosmed"
"SKT","2026-02","SKINTIFIC-01","437","Watsons"
"SKT","2026-02","SKINTIFIC-04","425","Watsons"
"SKT","2026-02","SKINTIFIC-05","6950","Watsons"
"SKT","2026-02","SKINTIFIC-08","176","Watsons"
"SKT","2026-02","SKINTIFIC-09","100","Watsons"
"SKT","2026-02","SKINTIFIC-105","33","Watsons"
"SKT","2026-02","SKINTIFIC-114","132","Watsons"
"SKT","2026-02","SKINTIFIC-12","413","Watsons"
"SKT","2026-02","SKINTIFIC-120","203","Watsons"
"SKT","2026-02","SKINTIFIC-122","105","Watsons"
"SKT","2026-02","SKINTIFIC-123","476","Watsons"
"SKT","2026-02","SKINTIFIC-1234","561","Watsons"
"SKT","2026-02","SKINTIFIC-1236","490","Watsons"
"SKT","2026-02","SKINTIFIC-129","54","Watsons"
"SKT","2026-02","SKINTIFIC-13","757","Watsons"
"SKT","2026-02","SKINTIFIC-1340","203","Watsons"
"SKT","2026-02","SKINTIFIC-1340N","337","Watsons"
"SKT","2026-02","SKINTIFIC-1340W","230","Watsons"
"SKT","2026-02","SKINTIFIC-1341","354","Watsons"
"SKT","2026-02","SKINTIFIC-1341N","59","Watsons"
"SKT","2026-02","SKINTIFIC-1341W","52","Watsons"
"SKT","2026-02","SKINTIFIC-1342","327","Watsons"
"SKT","2026-02","SKINTIFIC-1342N","60","Watsons"
"SKT","2026-02","SKINTIFIC-1342W","34","Watsons"
"SKT","2026-02","SKINTIFIC-1343","242","Watsons"
"SKT","2026-02","SKINTIFIC-1343N","23","Watsons"
"SKT","2026-02","SKINTIFIC-1343W","24","Watsons"
"SKT","2026-02","SKINTIFIC-147","733","Watsons"
"SKT","2026-02","SKINTIFIC-161","172","Watsons"
"SKT","2026-02","SKINTIFIC-17","390","Watsons"
"SKT","2026-02","SKINTIFIC-170","914","Watsons"
"SKT","2026-02","SKINTIFIC-17100N","229","Watsons"
"SKT","2026-02","SKINTIFIC-17101N","179","Watsons"
"SKT","2026-02","SKINTIFIC-17101W","133","Watsons"
"SKT","2026-02","SKINTIFIC-17102N","120","Watsons"
"SKT","2026-02","SKINTIFIC-17102W","11","Watsons"
"SKT","2026-02","SKINTIFIC-18","213","Watsons"
"SKT","2026-02","SKINTIFIC-180","189","Watsons"
"SKT","2026-02","SKINTIFIC-183","258","Watsons"
"SKT","2026-02","SKINTIFIC-19","26","Watsons"
"SKT","2026-02","SKINTIFIC-191","478","Watsons"
"SKT","2026-02","SKINTIFIC-195","162","Watsons"
"SKT","2026-02","SKINTIFIC-20","69","Watsons"
"SKT","2026-02","SKINTIFIC-201","314","Watsons"
"SKT","2026-02","SKINTIFIC-209","67","Watsons"
"SKT","2026-02","SKINTIFIC-21","594","Watsons"
"SKT","2026-02","SKINTIFIC-210","75","Watsons"
"SKT","2026-02","SKINTIFIC-212","135","Watsons"
"SKT","2026-02","SKINTIFIC-225","91","Watsons"
"SKT","2026-02","SKINTIFIC-227","262","Watsons"
"SKT","2026-02","SKINTIFIC-2461","40","Watsons"
"SKT","2026-02","SKINTIFIC-2462","37","Watsons"
"SKT","2026-02","SKINTIFIC-2463","18","Watsons"
"SKT","2026-02","SKINTIFIC-2463A","13","Watsons"
"SKT","2026-02","SKINTIFIC-2490N","113","Watsons"
"SKT","2026-02","SKINTIFIC-2490W","55","Watsons"
"SKT","2026-02","SKINTIFIC-2491N","103","Watsons"
"SKT","2026-02","SKINTIFIC-2491W","46","Watsons"
"SKT","2026-02","SKINTIFIC-2492N","48","Watsons"
"SKT","2026-02","SKINTIFIC-2492W","27","Watsons"
"SKT","2026-02","SKINTIFIC-260N","342","Watsons"
"SKT","2026-02","SKINTIFIC-260W","344","Watsons"
"SKT","2026-02","SKINTIFIC-261","445","Watsons"
"SKT","2026-02","SKINTIFIC-261N","346","Watsons"
"SKT","2026-02","SKINTIFIC-261W","253","Watsons"
"SKT","2026-02","SKINTIFIC-262","295","Watsons"
"SKT","2026-02","SKINTIFIC-262N","340","Watsons"
"SKT","2026-02","SKINTIFIC-262W","229","Watsons"
"SKT","2026-02","SKINTIFIC-263","327","Watsons"
"SKT","2026-02","SKINTIFIC-269","802","Watsons"
"SKT","2026-02","SKINTIFIC-271","38","Watsons"
"SKT","2026-02","SKINTIFIC-272","49","Watsons"
"SKT","2026-02","SKINTIFIC-273","41","Watsons"
"SKT","2026-02","SKINTIFIC-295","30","Watsons"
"SKT","2026-02","SKINTIFIC-298","2857","Watsons"
"SKT","2026-02","SKINTIFIC-30","226","Watsons"
"SKT","2026-02","SKINTIFIC-305","199","Watsons"
"SKT","2026-02","SKINTIFIC-31","48","Watsons"
"SKT","2026-02","SKINTIFIC-39","454","Watsons"
"SKT","2026-02","SKINTIFIC-40","14","Watsons"
"SKT","2026-02","SKINTIFIC-44","282","Watsons"
"SKT","2026-02","SKINTIFIC-56","275","Watsons"
"SKT","2026-02","SKINTIFIC-57","38","Watsons"
"SKT","2026-02","SKINTIFIC-64","51","Watsons"
"SKT","2026-02","SKINTIFIC-65","923","Watsons"
"SKT","2026-02","SKINTIFIC-77","2247","Watsons"
"SKT","2026-02","SKINTIFIC-86","35","Watsons"
"SKT","2026-02","SKINTIFIC-90","34","Watsons"
"SKT","2026-02","SKINTIFIC-92","140","Watsons"
"SKT","2026-02","未對照-300979","2","Watsons"
"SKT","2026-02","未對照-300983","2","Watsons"
"SKT","2026-02","未對照-300984","1","Watsons"
"SKT","2026-02","未對照-303640","4","Watsons"
"SKT","2026-02","未對照-303644","1","Watsons"
"SKT","2026-02","未對照-308130","1","Watsons"
"SKT","2026-02","未對照-308131","2","Watsons"
"SKT","2026-02","未對照-308399","1","Watsons"
"SKT","2026-02","未對照-308758","1","Watsons"
"SKT","2026-03","4897147691194","26","Cosmed"
"SKT","2026-03","4897147691200","31","Cosmed"
"SKT","2026-03","4897147691217","25","Cosmed"
"SKT","2026-03","4897147691279","14","Cosmed"
"SKT","2026-03","4897147691286","14","Cosmed"
"SKT","2026-03","4897147691293","10","Cosmed"
"SKT","2026-03","4897147691323","117","Cosmed"
"SKT","2026-03","7554411566554","688","Cosmed"
"SKT","2026-03","7554411568398","40","Cosmed"
"SKT","2026-03","7554411568916","37","Cosmed"
"SKT","2026-03","7554411569524","61","Cosmed"
"SKT","2026-03","810114870044","98","Cosmed"
"SKT","2026-03","810114870136","83","Cosmed"
"SKT","2026-03","810114870327","47","Cosmed"
"SKT","2026-03","810114870341","378","Cosmed"
"SKT","2026-03","810114870716","66","Cosmed"
"SKT","2026-03","810114871195","115","Cosmed"
"SKT","2026-03","810114871201","31","Cosmed"
"SKT","2026-03","810114871409","16","Cosmed"
"SKT","2026-03","810114871423","1","Cosmed"
"SKT","2026-03","810114871478","55","Cosmed"
"SKT","2026-03","810114871522","15","Cosmed"
"SKT","2026-03","810114871539","8","Cosmed"
"SKT","2026-03","810114871546","25","Cosmed"
"SKT","2026-03","810114871553","13","Cosmed"
"SKT","2026-03","810114871560","13","Cosmed"
"SKT","2026-03","810114871577","10","Cosmed"
"SKT","2026-03","810114871775","33","Cosmed"
"SKT","2026-03","810114871867","64","Cosmed"
"SKT","2026-03","810114872239","19","Cosmed"
"SKT","2026-03","810114872246","11","Cosmed"
"SKT","2026-03","810114872253","19","Cosmed"
"SKT","2026-03","810114872260","7","Cosmed"
"SKT","2026-03","810114872277","12","Cosmed"
"SKT","2026-03","810114872284","4","Cosmed"
"SKT","2026-03","810114872512","18","Cosmed"
"SKT","2026-03","810114872529","13","Cosmed"
"SKT","2026-03","810114872536","6","Cosmed"
"SKT","2026-03","810114872543","2","Cosmed"
"SKT","2026-03","810114872833","174","Cosmed"
"SKT","2026-03","810114874042","122","Cosmed"
"SKT","2026-03","810114874677","28","Cosmed"
"SKT","2026-03","810114874684","32","Cosmed"
"SKT","2026-03","810114874691","27","Cosmed"
"SKT","2026-03","810114874707","26","Cosmed"
"SKT","2026-03","810114874745","34","Cosmed"
"SKT","2026-03","8101148747528","336","Cosmed"
"SKT","2026-03","SKINTIFIC 377亮白肌膚面霜30g","958","Nihon"
"SKT","2026-03","SKINTIFIC 377亮白肌膚面霜30g","36883","POYA"
"SKT","2026-03","SKINTIFIC 5X戶外防曬噴霧250ml","1227","POYA"
"SKT","2026-03","SKINTIFIC 5X神經醯胺保濕霜30g","349191","POYA"
"SKT","2026-03","SKINTIFIC 5X神經醯胺保濕霜7g","0","711"
"SKT","2026-03","SKINTIFIC 5X神經醯胺防曬霜7g","0","711"
"SKT","2026-03","SKINTIFIC 5X神經醯胺洗面乳120ml","82852","POYA"
"SKT","2026-03","SKINTIFIC 5X神經醯胺修復精華20ml","38165","POYA"
"SKT","2026-03","SKINTIFIC 5X神經醯胺修復水80ml","369","POYA"
"SKT","2026-03","SKINTIFIC PDRN亮白柔嫩保濕霜30g","158436","POYA"
"SKT","2026-03","SKINTIFIC-01","399","Watsons"
"SKT","2026-03","SKINTIFIC-04","4","momo"
"SKT","2026-03","SKINTIFIC-04","379","Watsons"
"SKT","2026-03","SKINTIFIC-05","11","momo"
"SKT","2026-03","SKINTIFIC-05","6746","Watsons"
"SKT","2026-03","SKINTIFIC-08","186","Watsons"
"SKT","2026-03","SKINTIFIC-09","2","momo"
"SKT","2026-03","SKINTIFIC-09","161","Watsons"
"SKT","2026-03","SKINTIFIC-105","48","Watsons"
"SKT","2026-03","SKINTIFIC-114","113","Watsons"
"SKT","2026-03","SKINTIFIC-12","4","momo"
"SKT","2026-03","SKINTIFIC-12","517","Watsons"
"SKT","2026-03","SKINTIFIC-120","3","momo"
"SKT","2026-03","SKINTIFIC-120","128","Watsons"
"SKT","2026-03","SKINTIFIC-122","1","momo"
"SKT","2026-03","SKINTIFIC-122","119","Watsons"
"SKT","2026-03","SKINTIFIC-123","433","Watsons"
"SKT","2026-03","SKINTIFIC-1234","572","Watsons"
"SKT","2026-03","SKINTIFIC-1236","351","Watsons"
"SKT","2026-03","SKINTIFIC-123唇部系列","8","momo"
"SKT","2026-03","SKINTIFIC-129","51","Watsons"
"SKT","2026-03","SKINTIFIC-13","3","momo"
"SKT","2026-03","SKINTIFIC-13","601","Watsons"
"SKT","2026-03","SKINTIFIC-1340","207","Watsons"
"SKT","2026-03","SKINTIFIC-1340N","370","Watsons"
"SKT","2026-03","SKINTIFIC-1340W","290","Watsons"
"SKT","2026-03","SKINTIFIC-1341","251","Watsons"
"SKT","2026-03","SKINTIFIC-1341N","169","Watsons"
"SKT","2026-03","SKINTIFIC-1341W","86","Watsons"
"SKT","2026-03","SKINTIFIC-1342","278","Watsons"
"SKT","2026-03","SKINTIFIC-1342N","138","Watsons"
"SKT","2026-03","SKINTIFIC-1342W","76","Watsons"
"SKT","2026-03","SKINTIFIC-1343","189","Watsons"
"SKT","2026-03","SKINTIFIC-1343N","34","Watsons"
"SKT","2026-03","SKINTIFIC-1343W","29","Watsons"
"SKT","2026-03","SKINTIFIC-134系列(含NW)","5","momo"
"SKT","2026-03","SKINTIFIC-147","2","momo"
"SKT","2026-03","SKINTIFIC-147","515","Watsons"
"SKT","2026-03","SKINTIFIC-157","16","Watsons"
"SKT","2026-03","SKINTIFIC-161","1","momo"
"SKT","2026-03","SKINTIFIC-161","165","Watsons"
"SKT","2026-03","SKINTIFIC-17","392","Watsons"
"SKT","2026-03","SKINTIFIC-170","5","momo"
"SKT","2026-03","SKINTIFIC-170","687","Watsons"
"SKT","2026-03","SKINTIFIC-17100N","171","Watsons"
"SKT","2026-03","SKINTIFIC-17101N","191","Watsons"
"SKT","2026-03","SKINTIFIC-17101W","104","Watsons"
"SKT","2026-03","SKINTIFIC-17102N","115","Watsons"
"SKT","2026-03","SKINTIFIC-17102W","6","Watsons"
"SKT","2026-03","SKINTIFIC-1710NW系列","9","momo"
"SKT","2026-03","SKINTIFIC-18","204","Watsons"
"SKT","2026-03","SKINTIFIC-180","189","Watsons"
"SKT","2026-03","SKINTIFIC-183","237","Watsons"
"SKT","2026-03","SKINTIFIC-19","21","Watsons"
"SKT","2026-03","SKINTIFIC-191","1","momo"
"SKT","2026-03","SKINTIFIC-191","375","Watsons"
"SKT","2026-03","SKINTIFIC-195","133","Watsons"
"SKT","2026-03","SKINTIFIC-20","1","momo"
"SKT","2026-03","SKINTIFIC-20","44","Watsons"
"SKT","2026-03","SKINTIFIC-201","1","momo"
"SKT","2026-03","SKINTIFIC-201","337","Watsons"
"SKT","2026-03","SKINTIFIC-209","70","Watsons"
"SKT","2026-03","SKINTIFIC-21","619","Watsons"
"SKT","2026-03","SKINTIFIC-210","90","Watsons"
"SKT","2026-03","SKINTIFIC-212","200","Watsons"
"SKT","2026-03","SKINTIFIC-225","83","Watsons"
"SKT","2026-03","SKINTIFIC-227","2","momo"
"SKT","2026-03","SKINTIFIC-227","279","Watsons"
"SKT","2026-03","SKINTIFIC-2461","27","Watsons"
"SKT","2026-03","SKINTIFIC-2462","51","Watsons"
"SKT","2026-03","SKINTIFIC-2463","16","Watsons"
"SKT","2026-03","SKINTIFIC-2463A","21","Watsons"
"SKT","2026-03","SKINTIFIC-246蜜粉系列","2","momo"
"SKT","2026-03","SKINTIFIC-2490N","101","Watsons"
"SKT","2026-03","SKINTIFIC-2490W","50","Watsons"
"SKT","2026-03","SKINTIFIC-2491N","83","Watsons"
"SKT","2026-03","SKINTIFIC-2491W","42","Watsons"
"SKT","2026-03","SKINTIFIC-2492N","28","Watsons"
"SKT","2026-03","SKINTIFIC-2492W","26","Watsons"
"SKT","2026-03","SKINTIFIC-249NW系列","1","momo"
"SKT","2026-03","SKINTIFIC-260N","369","Watsons"
"SKT","2026-03","SKINTIFIC-260W","459","Watsons"
"SKT","2026-03","SKINTIFIC-261","589","Watsons"
"SKT","2026-03","SKINTIFIC-261N","391","Watsons"
"SKT","2026-03","SKINTIFIC-261W","256","Watsons"
"SKT","2026-03","SKINTIFIC-262","378","Watsons"
"SKT","2026-03","SKINTIFIC-262N","303","Watsons"
"SKT","2026-03","SKINTIFIC-262W","218","Watsons"
"SKT","2026-03","SKINTIFIC-263","427","Watsons"
"SKT","2026-03","SKINTIFIC-269","552","Watsons"
"SKT","2026-03","SKINTIFIC-26系列(含NW)","17","momo"
"SKT","2026-03","SKINTIFIC-271","22","Watsons"
"SKT","2026-03","SKINTIFIC-272","29","Watsons"
"SKT","2026-03","SKINTIFIC-273","38","Watsons"
"SKT","2026-03","SKINTIFIC-295","34","Watsons"
"SKT","2026-03","SKINTIFIC-296","3","momo"
"SKT","2026-03","SKINTIFIC-298","8","momo"
"SKT","2026-03","SKINTIFIC-298","2858","Watsons"
"SKT","2026-03","SKINTIFIC-30","7","momo"
"SKT","2026-03","SKINTIFIC-30","162","Watsons"
"SKT","2026-03","SKINTIFIC-305","4","momo"
"SKT","2026-03","SKINTIFIC-305","319","Watsons"
"SKT","2026-03","SKINTIFIC-31","32","Watsons"
"SKT","2026-03","SKINTIFIC-3260N","242","Watsons"
"SKT","2026-03","SKINTIFIC-3260W","102","Watsons"
"SKT","2026-03","SKINTIFIC-3261N","266","Watsons"
"SKT","2026-03","SKINTIFIC-3261W","105","Watsons"
"SKT","2026-03","SKINTIFIC-3262N","116","Watsons"
"SKT","2026-03","SKINTIFIC-3262W","83","Watsons"
"SKT","2026-03","SKINTIFIC-326NW系列","12","momo"
"SKT","2026-03","SKINTIFIC-347","9","Watsons"
"SKT","2026-03","SKINTIFIC-351","269","Watsons"
"SKT","2026-03","SKINTIFIC-39","1","momo"
"SKT","2026-03","SKINTIFIC-39","529","Watsons"
"SKT","2026-03","SKINTIFIC-40","3","Watsons"
"SKT","2026-03","SKINTIFIC-44","204","Watsons"
"SKT","2026-03","SKINTIFIC-56","350","Watsons"
"SKT","2026-03","SKINTIFIC-57","51","Watsons"
"SKT","2026-03","SKINTIFIC-64","94","Watsons"
"SKT","2026-03","SKINTIFIC-65","1494","Watsons"
"SKT","2026-03","SKINTIFIC-77","2609","Watsons"
"SKT","2026-03","SKINTIFIC-86","29","Watsons"
"SKT","2026-03","SKINTIFIC-90","37","Watsons"
"SKT","2026-03","SKINTIFIC-92","210","Watsons"
"SKT","2026-03","SKINTIFIC泛醇深層潔膚凝露120ml","319","Nihon"
"SKT","2026-03","SKINTIFIC固體泥膜棒40g-亮白","678","POYA"
"SKT","2026-03","SKINTIFIC積雪草深層卸妝油200ml","2392","POYA"
"SKT","2026-03","SKINTIFIC亮白肌膚精華20ml","898","POYA"
"SKT","2026-03","SKINTIFIC亮采潤澤唇部精華6.5ml","738","POYA"
"SKT","2026-03","SKINTIFIC亮采潤澤唇部精華6.5ml莓果粉","369","Nihon"
"SKT","2026-03","SKINTIFIC亮采潤澤唇部精華6.5ml莓果粉","369","POYA"
"SKT","2026-03","SKINTIFIC亮采潤澤唇部精華6.5ml櫻桃紅","369","Nihon"
"SKT","2026-03","SKINTIFIC亮采潤澤唇部精華6.5ml櫻桃紅","369","POYA"
"SKT","2026-03","SKINTIFIC亮膚精華噴霧100ml","95188","POYA"
"SKT","2026-03","SKINTIFIC柔嫩亮澤霜30g","26063","POYA"
"SKT","2026-03","SKINTIFIC柔霧定妝蜜粉10g_02","549","Nihon"
"SKT","2026-03","SKINTIFIC柔霧控油氣墊11g-00N","549","POYA"
"SKT","2026-03","SKINTIFIC柔霧控油氣墊11g-00W","1098","POYA"
"SKT","2026-03","SKINTIFIC柔霧控油氣墊11g-01N","2196","POYA"
"SKT","2026-03","SKINTIFIC柔霧控油氣墊11g-02N","549","POYA"
"SKT","2026-03","SKINTIFIC柔霧濾鏡潤色霜28g-00N","241534","POYA"
"SKT","2026-03","SKINTIFIC柔霧濾鏡潤色霜28g-01N","246895","POYA"
"SKT","2026-03","SKINTIFIC柔霧濾鏡潤色霜28g-01W","369","Nihon"
"SKT","2026-03","SKINTIFIC柔霧濾鏡潤色霜28g-01W","190765","POYA"
"SKT","2026-03","SKINTIFIC柔霧濾鏡潤色霜28g-02N","153918","POYA"
"SKT","2026-03","SKINTIFIC三重酸淨痘控油保濕凝膠30g","37968","POYA"
"SKT","2026-03","SKINTIFIC三重酸淨膚調理凝膠11g","60833","POYA"
"SKT","2026-03","SKINTIFIC神經醯胺保濕霜30g-清爽型","958","POYA"
"SKT","2026-03","SKINTIFIC視黃醇精華液20ml","479","POYA"
"SKT","2026-03","SKINTIFIC視黃醇面霜30g","958","POYA"
"SKT","2026-03","SKINTIFIC水晶防曬噴霧SPF50 70ml","478","POYA"
"SKT","2026-03","SKINTIFIC水楊酸淨痘潔面乳120ml","80730","POYA"
"SKT","2026-03","SKINTIFIC維他命C亮白精華1g+9g","42120","POYA"
"SKT","2026-03","SKINTIFIC無瑕氣墊粉底11g-暖調香草01W","549","POYA"
"SKT","2026-03","SKINTIFIC無瑕氣墊粉底11g-中性香草01N","3843","POYA"
"SKT","2026-03","SKINTIFIC無瑕氣墊粉底液11g-暖象牙02W","549","Nihon"
"SKT","2026-03","SKINTIFIC無瑕水光氣墊11g-暖調瓷白00W","14823","POYA"
"SKT","2026-03","SKINTIFIC無瑕水光氣墊11g-暖調香草01W","549","Nihon"
"SKT","2026-03","SKINTIFIC無瑕水光氣墊11g-暖調香草01W","399156","POYA"
"SKT","2026-03","SKINTIFIC無瑕水光氣墊11g-暖調象牙02W","2745","POYA"
"SKT","2026-03","SKINTIFIC無瑕水光氣墊11g-自然瓷白00N","645967","POYA"
"SKT","2026-03","SKINTIFIC無瑕水光氣墊11g-自然香草01N","549","Nihon"
"SKT","2026-03","SKINTIFIC無瑕水光氣墊11g-自然香草01N","726255","POYA"
"SKT","2026-03","SKINTIFIC無瑕水光氣墊11g-自然象牙02N","406693","POYA"
"SKT","2026-03","SKINTIFIC無暇氣墊粉底11g-暖調瓷白00W","549","POYA"
"SKT","2026-03","SKINTIFIC無暇氣墊粉底11g-中性瓷白00N","1647","POYA"
"SKT","2026-03","SKINTIFIC啞光定妝噴霧80ml","312654","POYA"
"SKT","2026-03","SKINTIFIC啞光防曬霜SPF50 30g","1434","POYA"
"SKT","2026-03","SKINTIFIC菸醯胺亮白精華水80ml","369","Nihon"
"SKT","2026-03","SKINTIFIC菸醯胺亮白面霜30g","46463","POYA"
"SKT","2026-03","SKINTIFIC滋潤防曬霜SPF50 30ml","956","POYA"
"SKT","2026-03","SKINTIFIC滋潤防曬霜SPF50 50ml","598","Nihon"
"SKT","2026-03","未對照-300981","3","Watsons"
"SKT","2026-03","未對照-300983","3","Watsons"
"SKT","2026-03","未對照-300984","1","Watsons"
"SKT","2026-03","未對照-303631","1","Watsons"
"SKT","2026-03","未對照-308131","1","Watsons"
"SKT","2026-03","未對照-308400","1","Watsons"
"SKT","2026-03","未對照-311911","2","Watsons"
"SKT","2026-04","4897147691194","320","Cosmed"
"SKT","2026-04","4897147691200","295","Cosmed"
"SKT","2026-04","4897147691217","134","Cosmed"
"SKT","2026-04","4897147691279","214","Cosmed"
"SKT","2026-04","4897147691286","137","Cosmed"
"SKT","2026-04","4897147691293","84","Cosmed"
"SKT","2026-04","4897147691323","478","Cosmed"
"SKT","2026-04","4897147691330","146","Cosmed"
"SKT","2026-04","7554411565328","20","Cosmed"
"SKT","2026-04","7554411566554","734","Cosmed"
"SKT","2026-04","7554411568398","87","Cosmed"
"SKT","2026-04","7554411568916","97","Cosmed"
"SKT","2026-04","7554411569524","112","Cosmed"
"SKT","2026-04","810114870044","180","Cosmed"
"SKT","2026-04","810114870136","160","Cosmed"
"SKT","2026-04","810114870143","18","Cosmed"
"SKT","2026-04","810114870327","211","Cosmed"
"SKT","2026-04","810114870341","437","Cosmed"
"SKT","2026-04","810114870716","121","Cosmed"
"SKT","2026-04","810114871157","54","Cosmed"
"SKT","2026-04","810114871195","132","Cosmed"
"SKT","2026-04","810114871201","33","Cosmed"
"SKT","2026-04","810114871409","28","Cosmed"
"SKT","2026-04","810114871423","10","Cosmed"
"SKT","2026-04","810114871478","105","Cosmed"
"SKT","2026-04","810114871515","149","Cosmed"
"SKT","2026-04","810114871522","138","Cosmed"
"SKT","2026-04","810114871539","96","Cosmed"
"SKT","2026-04","810114871546","111","Cosmed"
"SKT","2026-04","810114871553","41","Cosmed"
"SKT","2026-04","810114871560","82","Cosmed"
"SKT","2026-04","810114871577","32","Cosmed"
"SKT","2026-04","810114871775","77","Cosmed"
"SKT","2026-04","810114871867","115","Cosmed"
"SKT","2026-04","810114872239","151","Cosmed"
"SKT","2026-04","810114872246","66","Cosmed"
"SKT","2026-04","810114872253","149","Cosmed"
"SKT","2026-04","810114872260","58","Cosmed"
"SKT","2026-04","810114872277","96","Cosmed"
"SKT","2026-04","810114872284","43","Cosmed"
"SKT","2026-04","810114872512","21","Cosmed"
"SKT","2026-04","810114872529","24","Cosmed"
"SKT","2026-04","810114872536","11","Cosmed"
"SKT","2026-04","810114872543","4","Cosmed"
"SKT","2026-04","810114872833","406","Cosmed"
"SKT","2026-04","810114874042","207","Cosmed"
"SKT","2026-04","810114874448","154","Cosmed"
"SKT","2026-04","810114874530","75","Cosmed"
"SKT","2026-04","810114874677","43","Cosmed"
"SKT","2026-04","810114874684","56","Cosmed"
"SKT","2026-04","810114874691","27","Cosmed"
"SKT","2026-04","810114874707","51","Cosmed"
"SKT","2026-04","810114874745","65","Cosmed"
"SKT","2026-04","8101148747528","491","Cosmed"
"SKT","2026-04","PDRN組 (s351+s347)","15","momo"
"SKT","2026-04","SKINTIFIC 377亮白肌膚面霜30g","1377","Nihon"
"SKT","2026-04","SKINTIFIC 377亮白肌膚面霜30g","54606","POYA"
"SKT","2026-04","SKINTIFIC 5X戶外防曬噴霧250ml","1197","Nihon"
"SKT","2026-04","SKINTIFIC 5X戶外防曬噴霧250ml","20859","POYA"
"SKT","2026-04","SKINTIFIC 5X神經醯胺保濕霜30g","8123","Matsumoto"
"SKT","2026-04","SKINTIFIC 5X神經醯胺保濕霜30g","4290","Nihon"
"SKT","2026-04","SKINTIFIC 5X神經醯胺保濕霜30g","679785","POYA"
"SKT","2026-04","SKINTIFIC 5X神經醯胺保濕霜7g","0","711"
"SKT","2026-04","SKINTIFIC 5X神經醯胺防曬霜7g","0","711"
"SKT","2026-04","SKINTIFIC 5X神經醯胺洗面乳120 ml","1411","Matsumoto"
"SKT","2026-04","SKINTIFIC 5X神經醯胺洗面乳120ml","1195","Nihon"
"SKT","2026-04","SKINTIFIC 5X神經醯胺洗面乳120ml","131003","POYA"
"SKT","2026-04","SKINTIFIC 5X神經醯胺修復精華20ml","3464","Matsumoto"
"SKT","2026-04","SKINTIFIC 5X神經醯胺修復精華20ml","1945","Nihon"
"SKT","2026-04","SKINTIFIC 5X神經醯胺修復精華20ml","65207","POYA"
"SKT","2026-04","SKINTIFIC 5X神經醯胺修復水80ml","1356","Matsumoto"
"SKT","2026-04","SKINTIFIC 5X神經醯胺修復水80ml","1047","Nihon"
"SKT","2026-04","SKINTIFIC 5X神經醯胺修復水80ml","14760","POYA"
"SKT","2026-04","SKINTIFIC PDRN亮白柔嫩保濕精華 20ml","1796","Nihon"
"SKT","2026-04","SKINTIFIC PDRN亮白柔嫩保濕精華 20ml","98634","POYA"
"SKT","2026-04","SKINTIFIC PDRN亮白柔嫩保濕霜 20ml","2963","Matsumoto"
"SKT","2026-04","SKINTIFIC PDRN亮白柔嫩保濕霜30g","1347","Nihon"
"SKT","2026-04","SKINTIFIC PDRN亮白柔嫩保濕霜30g","360822","POYA"
"SKT","2026-04","SKINTIFIC 神經醯胺保濕霜30g-清爽型","3432","Matsumoto"
"SKT","2026-04","SKINTIFIC-01","186","Watsons"
"SKT","2026-04","SKINTIFIC-04","2","momo"
"SKT","2026-04","SKINTIFIC-04","267","Watsons"
"SKT","2026-04","SKINTIFIC-05","56","momo"
"SKT","2026-04","SKINTIFIC-05","4128","Watsons"
"SKT","2026-04","SKINTIFIC-05 (2入)","16","momo"
"SKT","2026-04","SKINTIFIC-08","8","momo"
"SKT","2026-04","SKINTIFIC-08","110","Watsons"
"SKT","2026-04","SKINTIFIC-09","6","momo"
"SKT","2026-04","SKINTIFIC-09","121","Watsons"
"SKT","2026-04","SKINTIFIC-105","30","Watsons"
"SKT","2026-04","SKINTIFIC-114","1","momo"
"SKT","2026-04","SKINTIFIC-114","64","Watsons"
"SKT","2026-04","SKINTIFIC-12","4","momo"
"SKT","2026-04","SKINTIFIC-12","446","Watsons"
"SKT","2026-04","SKINTIFIC-120","3","momo"
"SKT","2026-04","SKINTIFIC-120","60","Watsons"
"SKT","2026-04","SKINTIFIC-122","5","momo"
"SKT","2026-04","SKINTIFIC-122","83","Watsons"
"SKT","2026-04","SKINTIFIC-123","247","Watsons"
"SKT","2026-04","SKINTIFIC-1234","273","Watsons"
"SKT","2026-04","SKINTIFIC-1236","199","Watsons"
"SKT","2026-04","SKINTIFIC-123唇部系列","43","momo"
"SKT","2026-04","SKINTIFIC-129","10","momo"
"SKT","2026-04","SKINTIFIC-129","26","Watsons"
"SKT","2026-04","SKINTIFIC-13","4","momo"
"SKT","2026-04","SKINTIFIC-13","460","Watsons"
"SKT","2026-04","SKINTIFIC-1340","92","Watsons"
"SKT","2026-04","SKINTIFIC-1340N","354","Watsons"
"SKT","2026-04","SKINTIFIC-1340W","238","Watsons"
"SKT","2026-04","SKINTIFIC-1341","99","Watsons"
"SKT","2026-04","SKINTIFIC-1341N","353","Watsons"
"SKT","2026-04","SKINTIFIC-1341W","177","Watsons"
"SKT","2026-04","SKINTIFIC-1342","98","Watsons"
"SKT","2026-04","SKINTIFIC-1342N","249","Watsons"
"SKT","2026-04","SKINTIFIC-1342W","163","Watsons"
"SKT","2026-04","SKINTIFIC-1343","85","Watsons"
"SKT","2026-04","SKINTIFIC-1343N","18","Watsons"
"SKT","2026-04","SKINTIFIC-1343W","23","Watsons"
"SKT","2026-04","SKINTIFIC-134系列(含NW)","68","momo"
"SKT","2026-04","SKINTIFIC-147","7","momo"
"SKT","2026-04","SKINTIFIC-147","319","Watsons"
"SKT","2026-04","SKINTIFIC-157","394","Watsons"
"SKT","2026-04","SKINTIFIC-161","22","momo"
"SKT","2026-04","SKINTIFIC-161","139","Watsons"
"SKT","2026-04","SKINTIFIC-17","1","momo"
"SKT","2026-04","SKINTIFIC-17","255","Watsons"
"SKT","2026-04","SKINTIFIC-170","71","momo"
"SKT","2026-04","SKINTIFIC-170","563","Watsons"
"SKT","2026-04","SKINTIFIC-170 (2入)","8","momo"
"SKT","2026-04","SKINTIFIC-17100N","90","Watsons"
"SKT","2026-04","SKINTIFIC-17101N","89","Watsons"
"SKT","2026-04","SKINTIFIC-17101W","53","Watsons"
"SKT","2026-04","SKINTIFIC-17102N","71","Watsons"
"SKT","2026-04","SKINTIFIC-17102W","3","Watsons"
"SKT","2026-04","SKINTIFIC-1710NW系列","46","momo"
"SKT","2026-04","SKINTIFIC-18","169","Watsons"
"SKT","2026-04","SKINTIFIC-180","1","momo"
"SKT","2026-04","SKINTIFIC-180","141","Watsons"
"SKT","2026-04","SKINTIFIC-183","7","momo"
"SKT","2026-04","SKINTIFIC-183","158","Watsons"
"SKT","2026-04","SKINTIFIC-19","1","momo"
"SKT","2026-04","SKINTIFIC-19","22","Watsons"
"SKT","2026-04","SKINTIFIC-191","11","momo"
"SKT","2026-04","SKINTIFIC-191","308","Watsons"
"SKT","2026-04","SKINTIFIC-195","4","momo"
"SKT","2026-04","SKINTIFIC-195","105","Watsons"
"SKT","2026-04","SKINTIFIC-20","2","momo"
"SKT","2026-04","SKINTIFIC-20","29","Watsons"
"SKT","2026-04","SKINTIFIC-201","9","momo"
"SKT","2026-04","SKINTIFIC-201","282","Watsons"
"SKT","2026-04","SKINTIFIC-209","67","Watsons"
"SKT","2026-04","SKINTIFIC-21","14","momo"
"SKT","2026-04","SKINTIFIC-21","453","Watsons"
"SKT","2026-04","SKINTIFIC-210","76","Watsons"
"SKT","2026-04","SKINTIFIC-212","6","momo"
"SKT","2026-04","SKINTIFIC-212","236","Watsons"
"SKT","2026-04","SKINTIFIC-225","12","momo"
"SKT","2026-04","SKINTIFIC-225","89","Watsons"
"SKT","2026-04","SKINTIFIC-227","12","momo"
"SKT","2026-04","SKINTIFIC-227","261","Watsons"
"SKT","2026-04","SKINTIFIC-2461","24","Watsons"
"SKT","2026-04","SKINTIFIC-2462","36","Watsons"
"SKT","2026-04","SKINTIFIC-2463","17","Watsons"
"SKT","2026-04","SKINTIFIC-2463A","7","Watsons"
"SKT","2026-04","SKINTIFIC-246蜜粉系列","7","momo"
"SKT","2026-04","SKINTIFIC-2490N","51","Watsons"
"SKT","2026-04","SKINTIFIC-2490W","27","Watsons"
"SKT","2026-04","SKINTIFIC-2491N","47","Watsons"
"SKT","2026-04","SKINTIFIC-2491W","25","Watsons"
"SKT","2026-04","SKINTIFIC-2492N","17","Watsons"
"SKT","2026-04","SKINTIFIC-2492W","22","Watsons"
"SKT","2026-04","SKINTIFIC-249NW系列","30","momo"
"SKT","2026-04","SKINTIFIC-260N","331","Watsons"
"SKT","2026-04","SKINTIFIC-260W","245","Watsons"
"SKT","2026-04","SKINTIFIC-261","211","Watsons"
"SKT","2026-04","SKINTIFIC-261N","291","Watsons"
"SKT","2026-04","SKINTIFIC-261W","160","Watsons"
"SKT","2026-04","SKINTIFIC-262","158","Watsons"
"SKT","2026-04","SKINTIFIC-262N","239","Watsons"
"SKT","2026-04","SKINTIFIC-262W","164","Watsons"
"SKT","2026-04","SKINTIFIC-263","155","Watsons"
"SKT","2026-04","SKINTIFIC-269","12","momo"
"SKT","2026-04","SKINTIFIC-269","301","Watsons"
"SKT","2026-04","SKINTIFIC-26系列(含NW)","93","momo"
"SKT","2026-04","SKINTIFIC-26系列(含NW) (2入)","43","momo"
"SKT","2026-04","SKINTIFIC-271","11","Watsons"
"SKT","2026-04","SKINTIFIC-272","15","Watsons"
"SKT","2026-04","SKINTIFIC-273","14","Watsons"
"SKT","2026-04","SKINTIFIC-27系列(金氣墊補充)","3","momo"
"SKT","2026-04","SKINTIFIC-295","31","Watsons"
"SKT","2026-04","SKINTIFIC-296","13","momo"
"SKT","2026-04","SKINTIFIC-296","20","Watsons"
"SKT","2026-04","SKINTIFIC-298","65","momo"
"SKT","2026-04","SKINTIFIC-298","1864","Watsons"
"SKT","2026-04","SKINTIFIC-30","6","momo"
"SKT","2026-04","SKINTIFIC-30","103","Watsons"
"SKT","2026-04","SKINTIFIC-305","10","momo"
"SKT","2026-04","SKINTIFIC-305","194","Watsons"
"SKT","2026-04","SKINTIFIC-31","26","Watsons"
"SKT","2026-04","SKINTIFIC-3260N","1015","Watsons"
"SKT","2026-04","SKINTIFIC-3260W","587","Watsons"
"SKT","2026-04","SKINTIFIC-3261N","1086","Watsons"
"SKT","2026-04","SKINTIFIC-3261W","560","Watsons"
"SKT","2026-04","SKINTIFIC-3262N","542","Watsons"
"SKT","2026-04","SKINTIFIC-3262W","342","Watsons"
"SKT","2026-04","SKINTIFIC-326NW系列","198","momo"
"SKT","2026-04","SKINTIFIC-340","2","momo"
"SKT","2026-04","SKINTIFIC-340","9","Watsons"
"SKT","2026-04","SKINTIFIC-347","2","momo"
"SKT","2026-04","SKINTIFIC-347","381","Watsons"
"SKT","2026-04","SKINTIFIC-351","10","momo"
"SKT","2026-04","SKINTIFIC-351","987","Watsons"
"SKT","2026-04","SKINTIFIC377亮白肌膚面霜30g","2574","Matsumoto"
"SKT","2026-04","SKINTIFIC-39","3","momo"
"SKT","2026-04","SKINTIFIC-39","395","Watsons"
"SKT","2026-04","SKINTIFIC-44","173","Watsons"
"SKT","2026-04","SKINTIFIC-463001W","77","Watsons"
"SKT","2026-04","SKINTIFIC-56","306","Watsons"
"SKT","2026-04","SKINTIFIC-57","27","Watsons"
"SKT","2026-04","SKINTIFIC-64","32","momo"
"SKT","2026-04","SKINTIFIC-64","205","Watsons"
"SKT","2026-04","SKINTIFIC-65","20","momo"
"SKT","2026-04","SKINTIFIC-65","3031","Watsons"
"SKT","2026-04","SKINTIFIC-77","19","momo"
"SKT","2026-04","SKINTIFIC-77","4353","Watsons"
"SKT","2026-04","SKINTIFIC-79","21","Watsons"
"SKT","2026-04","SKINTIFIC-86","24","Watsons"
"SKT","2026-04","SKINTIFIC-90","29","Watsons"
"SKT","2026-04","SKINTIFIC-92","1","momo"
"SKT","2026-04","SKINTIFIC-92","192","Watsons"
"SKT","2026-04","SKINTIFIC艾草固體泥膜棒40g","3588","Matsumoto"
"SKT","2026-04","SKINTIFIC泛醇深層潔膚凝露120ml","3509","POYA"
"SKT","2026-04","SKINTIFIC固體泥膜棒40g-艾草","2392","Nihon"
"SKT","2026-04","SKINTIFIC固體泥膜棒40g-艾草","56613","POYA"
"SKT","2026-04","SKINTIFIC固體泥膜棒40g-亮白","1495","Nihon"
"SKT","2026-04","SKINTIFIC戶外防曬噴霧250ml","778","Matsumoto"
"SKT","2026-04","SKINTIFIC積雪草深層卸妝油200ml","1674","Matsumoto"
"SKT","2026-04","SKINTIFIC積雪草深層卸妝油200ml","33787","POYA"
"SKT","2026-04","SKINTIFIC亮白固體泥膜棒 40g","1495","Matsumoto"
"SKT","2026-04","SKINTIFIC亮白肌膚精華20ml","399","Matsumoto"
"SKT","2026-04","SKINTIFIC亮白肌膚精華20ml","419","Nihon"
"SKT","2026-04","SKINTIFIC亮白肌膚精華20ml","9878","POYA"
"SKT","2026-04","SKINTIFIC亮白面霜30g","2145","Matsumoto"
"SKT","2026-04","SKINTIFIC亮采潤澤唇部精華","1017","Matsumoto"
"SKT","2026-04","SKINTIFIC亮采潤澤唇部精華6.5ml","349","Nihon"
"SKT","2026-04","SKINTIFIC亮采潤澤唇部精華6.5ml","11808","POYA"
"SKT","2026-04","SKINTIFIC亮采潤澤唇部精華6.5ml莓果粉","15867","POYA"
"SKT","2026-04","SKINTIFIC亮采潤澤唇部精華6.5ml櫻桃紅","369","Nihon"
"SKT","2026-04","SKINTIFIC亮采潤澤唇部精華6.5ml櫻桃紅","7011","POYA"
"SKT","2026-04","SKINTIFIC亮采潤澤唇部精華-莓果粉色","1695","Matsumoto"
"SKT","2026-04","SKINTIFIC亮采潤澤唇部精華-櫻桃紅色","678","Matsumoto"
"SKT","2026-04","SKINTIFIC亮膚精華噴霧100ml","4788","Matsumoto"
"SKT","2026-04","SKINTIFIC亮膚精華噴霧100ml","1676","Nihon"
"SKT","2026-04","SKINTIFIC亮膚精華噴霧100ml","224500","POYA"
"SKT","2026-04","SKINTIFIC柔嫩亮澤霜30g","113588","POYA"
"SKT","2026-04","SKINTIFIC柔霧定妝蜜粉10g_01","529","Nihon"
"SKT","2026-04","SKINTIFIC柔霧定妝蜜粉10g_02","1058","Nihon"
"SKT","2026-04","SKINTIFIC柔霧控油氣墊11g-00N","2116","Nihon"
"SKT","2026-04","SKINTIFIC柔霧控油氣墊11g-00N","20313","POYA"
"SKT","2026-04","SKINTIFIC柔霧控油氣墊11g-00W","14823","POYA"
"SKT","2026-04","SKINTIFIC柔霧控油氣墊11g-01N","2116","Nihon"
"SKT","2026-04","SKINTIFIC柔霧控油氣墊11g-01N","38430","POYA"
"SKT","2026-04","SKINTIFIC柔霧控油氣墊11g-01W","529","Nihon"
"SKT","2026-04","SKINTIFIC柔霧控油氣墊11g-01W","15921","POYA"
"SKT","2026-04","SKINTIFIC柔霧控油氣墊11g-02N","1587","Nihon"
"SKT","2026-04","SKINTIFIC柔霧控油氣墊11g-02N","22509","POYA"
"SKT","2026-04","SKINTIFIC柔霧控油氣墊11g-02W","9333","POYA"
"SKT","2026-04","SKINTIFIC柔霧濾鏡潤色霜00N","3051","Matsumoto"
"SKT","2026-04","SKINTIFIC柔霧濾鏡潤色霜01N","2373","Matsumoto"
"SKT","2026-04","SKINTIFIC柔霧濾鏡潤色霜01W","2034","Matsumoto"
"SKT","2026-04","SKINTIFIC柔霧濾鏡潤色霜02N","1695","Matsumoto"
"SKT","2026-04","SKINTIFIC柔霧濾鏡潤色霜28g-00N","2094","Nihon"
"SKT","2026-04","SKINTIFIC柔霧濾鏡潤色霜28g-00N","278308","POYA"
"SKT","2026-04","SKINTIFIC柔霧濾鏡潤色霜28g-01N","1047","Nihon"
"SKT","2026-04","SKINTIFIC柔霧濾鏡潤色霜28g-01N","284631","POYA"
"SKT","2026-04","SKINTIFIC柔霧濾鏡潤色霜28g-01W","1396","Nihon"
"SKT","2026-04","SKINTIFIC柔霧濾鏡潤色霜28g-01W","214238","POYA"
"SKT","2026-04","SKINTIFIC柔霧濾鏡潤色霜28g-02N","349","Nihon"
"SKT","2026-04","SKINTIFIC柔霧濾鏡潤色霜28g-02N","153220","POYA"
"SKT","2026-04","SKINTIFIC三重酸淨痘控油保濕凝膠30g","98297","POYA"
"SKT","2026-04","SKINTIFIC三重酸淨膚調理凝膠11g","56175","POYA"
"SKT","2026-04","SKINTIFIC神經醯胺保濕霜30g-清爽型","5049","Nihon"
"SKT","2026-04","SKINTIFIC神經醯胺保濕霜30g-清爽型","155675","POYA"
"SKT","2026-04","SKINTIFIC視黃醇精華液20ml","858","Matsumoto"
"SKT","2026-04","SKINTIFIC視黃醇精華液20ml","8622","POYA"
"SKT","2026-04","SKINTIFIC視黃醇面霜30g","858","Matsumoto"
"SKT","2026-04","SKINTIFIC視黃醇面霜30g","459","Nihon"
"SKT","2026-04","SKINTIFIC視黃醇面霜30g","8143","POYA"
"SKT","2026-04","SKINTIFIC水晶防曬噴霧SPF50 70ml","229","Nihon"
"SKT","2026-04","SKINTIFIC水晶防曬噴霧SPF50 70ml","8365","POYA"
"SKT","2026-04","SKINTIFIC水楊酸淨痘潔面乳120ml","142795","POYA"
"SKT","2026-04","SKINTIFIC維他命C亮白精華","1956","Matsumoto"
"SKT","2026-04","SKINTIFIC維他命C亮白精華1g+9g","499","Nihon"
"SKT","2026-04","SKINTIFIC維他命C亮白精華1g+9g","37040","POYA"
"SKT","2026-04","SKINTIFIC無瑕氣墊粉底11g-暖調香草01W","1587","Nihon"
"SKT","2026-04","SKINTIFIC無瑕氣墊粉底11g-暖調香草01W","57096","POYA"
"SKT","2026-04","SKINTIFIC無瑕氣墊粉底11g-中性香草01N","2645","Nihon"
"SKT","2026-04","SKINTIFIC無瑕氣墊粉底11g-中性香草01N","102114","POYA"
"SKT","2026-04","SKINTIFIC無瑕氣墊粉底液01N中性調香草白-11g","2994","Matsumoto"
"SKT","2026-04","SKINTIFIC無瑕氣墊粉底液01W暖調香草白-11g","1497","Matsumoto"
"SKT","2026-04","SKINTIFIC無瑕氣墊粉底液02N中性象牙白-11g","1996","Matsumoto"
"SKT","2026-04","SKINTIFIC無瑕氣墊粉底液02W暖調象牙白-11g","2495","Matsumoto"
"SKT","2026-04","SKINTIFIC無瑕氣墊粉底液11g-暖象牙02W","1058","Nihon"
"SKT","2026-04","SKINTIFIC無瑕氣墊粉底液11g-暖象牙02W","8784","POYA"
"SKT","2026-04","SKINTIFIC無瑕氣墊粉底液11g-象牙白02N","529","Nihon"
"SKT","2026-04","SKINTIFIC無瑕氣墊粉底液11g-象牙白02N","21411","POYA"
"SKT","2026-04","SKINTIFIC無瑕水光粉氣墊 00N自然瓷白色","5988","Matsumoto"
"SKT","2026-04","SKINTIFIC無瑕水光粉氣墊 00W暖調瓷白色","1497","Matsumoto"
"SKT","2026-04","SKINTIFIC無瑕水光粉氣墊 01N自然香草色","3992","Matsumoto"
"SKT","2026-04","SKINTIFIC無瑕水光粉氣墊 01W暖調香草色","998","Matsumoto"
"SKT","2026-04","SKINTIFIC無瑕水光粉氣墊 02N自然象牙色","3992","Matsumoto"
"SKT","2026-04","SKINTIFIC無瑕水光粉氣墊 02W暖調象牙色","998","Matsumoto"
"SKT","2026-04","SKINTIFIC無瑕水光氣墊11g-暖調瓷白00W","1587","Nihon"
"SKT","2026-04","SKINTIFIC無瑕水光氣墊11g-暖調瓷白00W","57645","POYA"
"SKT","2026-04","SKINTIFIC無瑕水光氣墊11g-暖調香草01W","1058","Nihon"
"SKT","2026-04","SKINTIFIC無瑕水光氣墊11g-暖調香草01W","456948","POYA"
"SKT","2026-04","SKINTIFIC無瑕水光氣墊11g-暖調象牙02W","18117","POYA"
"SKT","2026-04","SKINTIFIC無瑕水光氣墊11g-自然瓷白00N","3174","Nihon"
"SKT","2026-04","SKINTIFIC無瑕水光氣墊11g-自然瓷白00N","712521","POYA"
"SKT","2026-04","SKINTIFIC無瑕水光氣墊11g-自然香草01N","3703","Nihon"
"SKT","2026-04","SKINTIFIC無瑕水光氣墊11g-自然香草01N","693355","POYA"
"SKT","2026-04","SKINTIFIC無瑕水光氣墊11g-自然象牙02N","529","Nihon"
"SKT","2026-04","SKINTIFIC無瑕水光氣墊11g-自然象牙02N","420765","POYA"
"SKT","2026-04","SKINTIFIC無暇氣墊粉底11g-暖調瓷白00W","48861","POYA"
"SKT","2026-04","SKINTIFIC無暇氣墊粉底11g-中性瓷白00N","529","Nihon"
"SKT","2026-04","SKINTIFIC無暇氣墊粉底11g-中性瓷白00N","82899","POYA"
"SKT","2026-04","SKINTIFIC無暇氣墊粉底液00N中性調瓷白 11g","2495","Matsumoto"
"SKT","2026-04","SKINTIFIC無暇氣墊粉底液00W暖調瓷白11g","499","Matsumoto"
"SKT","2026-04","SKINTIFIC啞光定妝噴霧 80ml","2793","Matsumoto"
"SKT","2026-04","SKINTIFIC啞光定妝噴霧80ml","1257","Nihon"
"SKT","2026-04","SKINTIFIC啞光定妝噴霧80ml","367434","POYA"
"SKT","2026-04","SKINTIFIC啞光防曬霜30g","627","Matsumoto"
"SKT","2026-04","SKINTIFIC啞光防曬霜50g","295","Nihon"
"SKT","2026-04","SKINTIFIC啞光防曬霜SPF50 30g","687","Nihon"
"SKT","2026-04","SKINTIFIC啞光防曬霜SPF50 30g","15535","POYA"
"SKT","2026-04","SKINTIFIC啞光氣墊00N","2495","Matsumoto"
"SKT","2026-04","SKINTIFIC啞光氣墊00W","998","Matsumoto"
"SKT","2026-04","SKINTIFIC啞光氣墊01N","1497","Matsumoto"
"SKT","2026-04","SKINTIFIC啞光氣墊01W","998","Matsumoto"
"SKT","2026-04","SKINTIFIC啞光氣墊02N","998","Matsumoto"
"SKT","2026-04","SKINTIFIC啞光氣墊02W","998","Matsumoto"
"SKT","2026-04","SKINTIFIC菸醯胺亮白精華20ml","2793","Matsumoto"
"SKT","2026-04","SKINTIFIC菸醯胺亮白精華20ml","14368","POYA"
"SKT","2026-04","SKINTIFIC菸醯胺亮白精華水80ml","1017","Matsumoto"
"SKT","2026-04","SKINTIFIC菸醯胺亮白面霜30g","1377","Nihon"
"SKT","2026-04","SKINTIFIC菸醯胺亮白面霜30g","87657","POYA"
"SKT","2026-04","SKINTIFIC菸醯胺亮白洗面乳120ml","1116","Matsumoto"
"SKT","2026-04","SKINTIFIC菸醯胺亮白洗面乳120ml","1180","Nihon"
"SKT","2026-04","SKINTIFIC菸醯胺亮白洗面乳120ml","21528","POYA"
"SKT","2026-04","SKINTIFIC滋潤防曬霜30ml","1314","Matsumoto"
"SKT","2026-04","SKINTIFIC滋潤防曬霜SPF50 30ml","13384","POYA"
"SKT","2026-04","SKINTIFIC滋潤防曬霜SPF50 50ml","1180","Nihon"
"SKT","2026-04","唇部精華 (2入)","4","momo"
"SKT","2026-04","亮白肌膚加強組 (s17+s39)","1","momo"
"SKT","2026-04","視黃醇保養組 (s180+s183)","1","momo"
"SKT","2026-04","未對照-300981","2","Watsons"
"SKT","2026-04","未對照-311913","2","Watsons"
"SKT","2026-04","修復套組 (s05+s13)","6","momo"
"SKT","2026-05","4897147691194","264","Cosmed"
"SKT","2026-05","4897147691200","259","Cosmed"
"SKT","2026-05","4897147691217","139","Cosmed"
"SKT","2026-05","4897147691279","185","Cosmed"
"SKT","2026-05","4897147691286","141","Cosmed"
"SKT","2026-05","4897147691293","84","Cosmed"
"SKT","2026-05","4897147691323","528","Cosmed"
"SKT","2026-05","4897147691330","273","Cosmed"
"SKT","2026-05","7554411565328","47","Cosmed"
"SKT","2026-05","7554411566554","731","Cosmed"
"SKT","2026-05","7554411568398","102","Cosmed"
"SKT","2026-05","7554411568916","113","Cosmed"
"SKT","2026-05","7554411569524","128","Cosmed"
"SKT","2026-05","810114870044","235","Cosmed"
"SKT","2026-05","810114870136","211","Cosmed"
"SKT","2026-05","810114870143","49","Cosmed"
"SKT","2026-05","810114870327","273","Cosmed"
"SKT","2026-05","810114870341","538","Cosmed"
"SKT","2026-05","810114870716","138","Cosmed"
"SKT","2026-05","810114871157","133","Cosmed"
"SKT","2026-05","810114871195","150","Cosmed"
"SKT","2026-05","810114871201","31","Cosmed"
"SKT","2026-05","810114871409","42","Cosmed"
"SKT","2026-05","810114871423","235","Cosmed"
"SKT","2026-05","810114871478","82","Cosmed"
"SKT","2026-05","810114871515","190","Cosmed"
"SKT","2026-05","810114871522","126","Cosmed"
"SKT","2026-05","810114871539","81","Cosmed"
"SKT","2026-05","810114871546","142","Cosmed"
"SKT","2026-05","810114871553","62","Cosmed"
"SKT","2026-05","810114871560","78","Cosmed"
"SKT","2026-05","810114871577","49","Cosmed"
"SKT","2026-05","810114871775","151","Cosmed"
"SKT","2026-05","810114871867","169","Cosmed"
"SKT","2026-05","810114872239","108","Cosmed"
"SKT","2026-05","810114872246","66","Cosmed"
"SKT","2026-05","810114872253","155","Cosmed"
"SKT","2026-05","810114872260","50","Cosmed"
"SKT","2026-05","810114872277","90","Cosmed"
"SKT","2026-05","810114872284","57","Cosmed"
"SKT","2026-05","810114872512","15","Cosmed"
"SKT","2026-05","810114872529","19","Cosmed"
"SKT","2026-05","810114872536","7","Cosmed"
"SKT","2026-05","810114872543","4","Cosmed"
"SKT","2026-05","810114872833","465","Cosmed"
"SKT","2026-05","810114874042","189","Cosmed"
"SKT","2026-05","810114874448","219","Cosmed"
"SKT","2026-05","810114874530","94","Cosmed"
"SKT","2026-05","810114874677","53","Cosmed"
"SKT","2026-05","810114874684","31","Cosmed"
"SKT","2026-05","810114874691","31","Cosmed"
"SKT","2026-05","810114874707","29","Cosmed"
"SKT","2026-05","810114874745","62","Cosmed"
"SKT","2026-05","8101148747528","510","Cosmed"
"SKT","2026-05","PDRN組 (s351+s347)","15","momo"
"SKT","2026-05","SKINTIFIC 377亮白肌膚面霜30g","5967","Nihon"
"SKT","2026-05","SKINTIFIC 377亮白肌膚面霜30g","54127","POYA"
"SKT","2026-05","SKINTIFIC 5X戶外防曬噴霧250ml","4279","Nihon"
"SKT","2026-05","SKINTIFIC 5X戶外防曬噴霧250ml","68712","POYA"
"SKT","2026-05","SKINTIFIC 5X神經醯胺保濕霜30g","11119","Matsumoto"
"SKT","2026-05","SKINTIFIC 5X神經醯胺保濕霜30g","16243","Nihon"
"SKT","2026-05","SKINTIFIC 5X神經醯胺保濕霜30g","1411056","POYA"
"SKT","2026-05","SKINTIFIC 5X神經醯胺保濕霜7g","0","711"
"SKT","2026-05","SKINTIFIC 5X神經醯胺防曬霜7g","0","711"
"SKT","2026-05","SKINTIFIC 5X神經醯胺洗面乳120 ml","2151","Matsumoto"
"SKT","2026-05","SKINTIFIC 5X神經醯胺洗面乳120ml","2849","Nihon"
"SKT","2026-05","SKINTIFIC 5X神經醯胺洗面乳120ml","108138","POYA"
"SKT","2026-05","SKINTIFIC 5X神經醯胺修復精華20ml","5446","Matsumoto"
"SKT","2026-05","SKINTIFIC 5X神經醯胺修復精華20ml","5985","Nihon"
"SKT","2026-05","SKINTIFIC 5X神經醯胺修復精華20ml","64207","POYA"
"SKT","2026-05","SKINTIFIC 5X神經醯胺修復水80ml","2712","Matsumoto"
"SKT","2026-05","SKINTIFIC 5X神經醯胺修復水80ml","2443","Nihon"
"SKT","2026-05","SKINTIFIC 5X神經醯胺修復水80ml","36900","POYA"
"SKT","2026-05","SKINTIFIC PDRN亮白柔嫩保濕精華 20ml","1317","Nihon"
"SKT","2026-05","SKINTIFIC PDRN亮白柔嫩保濕精華 20ml","148827","POYA"
"SKT","2026-05","SKINTIFIC PDRN亮白柔嫩保濕霜 20ml","3746","Matsumoto"
"SKT","2026-05","SKINTIFIC PDRN亮白柔嫩保濕霜30g","6146","Nihon"
"SKT","2026-05","SKINTIFIC PDRN亮白柔嫩保濕霜30g","384237","POYA"
"SKT","2026-05","SKINTIFIC 神經醯胺保濕霜30g-清爽型","7722","Matsumoto"
"SKT","2026-05","SKINTIFIC-01","54","Watsons"
"SKT","2026-05","SKINTIFIC-04","5","momo"
"SKT","2026-05","SKINTIFIC-04","290","Watsons"
"SKT","2026-05","SKINTIFIC-05","36","momo"
"SKT","2026-05","SKINTIFIC-05","3298","Watsons"
"SKT","2026-05","SKINTIFIC-05 (2入)","21","momo"
"SKT","2026-05","SKINTIFIC-08","10","momo"
"SKT","2026-05","SKINTIFIC-08","51","Watsons"
"SKT","2026-05","SKINTIFIC-09","16","momo"
"SKT","2026-05","SKINTIFIC-09","104","Watsons"
"SKT","2026-05","SKINTIFIC-105","22","Watsons"
"SKT","2026-05","SKINTIFIC-114","1","momo"
"SKT","2026-05","SKINTIFIC-114","63","Watsons"
"SKT","2026-05","SKINTIFIC-12","12","momo"
"SKT","2026-05","SKINTIFIC-12","317","Watsons"
"SKT","2026-05","SKINTIFIC-120","3","momo"
"SKT","2026-05","SKINTIFIC-120","40","Watsons"
"SKT","2026-05","SKINTIFIC-122","3","momo"
"SKT","2026-05","SKINTIFIC-122","125","Watsons"
"SKT","2026-05","SKINTIFIC-123","171","Watsons"
"SKT","2026-05","SKINTIFIC-1234","192","Watsons"
"SKT","2026-05","SKINTIFIC-1236","132","Watsons"
"SKT","2026-05","SKINTIFIC-123唇部系列","27","momo"
"SKT","2026-05","SKINTIFIC-129","6","momo"
"SKT","2026-05","SKINTIFIC-129","32","Watsons"
"SKT","2026-05","SKINTIFIC-13","8","momo"
"SKT","2026-05","SKINTIFIC-13","412","Watsons"
"SKT","2026-05","SKINTIFIC-1340","98","Watsons"
"SKT","2026-05","SKINTIFIC-1340N","421","Watsons"
"SKT","2026-05","SKINTIFIC-1340W","217","Watsons"
"SKT","2026-05","SKINTIFIC-1341","116","Watsons"
"SKT","2026-05","SKINTIFIC-1341N","384","Watsons"
"SKT","2026-05","SKINTIFIC-1341W","160","Watsons"
"SKT","2026-05","SKINTIFIC-1342","80","Watsons"
"SKT","2026-05","SKINTIFIC-1342N","288","Watsons"
"SKT","2026-05","SKINTIFIC-1342W","180","Watsons"
"SKT","2026-05","SKINTIFIC-1343","68","Watsons"
"SKT","2026-05","SKINTIFIC-1343N","14","Watsons"
"SKT","2026-05","SKINTIFIC-1343W","24","Watsons"
"SKT","2026-05","SKINTIFIC-134系列(含NW)","106","momo"
"SKT","2026-05","SKINTIFIC-147","12","momo"
"SKT","2026-05","SKINTIFIC-147","463","Watsons"
"SKT","2026-05","SKINTIFIC-157","565","Watsons"
"SKT","2026-05","SKINTIFIC-161","37","momo"
"SKT","2026-05","SKINTIFIC-161","133","Watsons"
"SKT","2026-05","SKINTIFIC-161 (2入)","3","momo"
"SKT","2026-05","SKINTIFIC-17","1","momo"
"SKT","2026-05","SKINTIFIC-17","250","Watsons"
"SKT","2026-05","SKINTIFIC-170","47","momo"
"SKT","2026-05","SKINTIFIC-170","678","Watsons"
"SKT","2026-05","SKINTIFIC-170 (2入)","34","momo"
"SKT","2026-05","SKINTIFIC-17100N","73","Watsons"
"SKT","2026-05","SKINTIFIC-17101N","77","Watsons"
"SKT","2026-05","SKINTIFIC-17101W","48","Watsons"
"SKT","2026-05","SKINTIFIC-17102N","50","Watsons"
"SKT","2026-05","SKINTIFIC-17102W","4","Watsons"
"SKT","2026-05","SKINTIFIC-1710NW系列","22","momo"
"SKT","2026-05","SKINTIFIC-18","3","momo"
"SKT","2026-05","SKINTIFIC-18","200","Watsons"
"SKT","2026-05","SKINTIFIC-180","127","Watsons"
"SKT","2026-05","SKINTIFIC-183","5","momo"
"SKT","2026-05","SKINTIFIC-183","146","Watsons"
"SKT","2026-05","SKINTIFIC-19","1","momo"
"SKT","2026-05","SKINTIFIC-19","12","Watsons"
"SKT","2026-05","SKINTIFIC-191","11","momo"
"SKT","2026-05","SKINTIFIC-191","350","Watsons"
"SKT","2026-05","SKINTIFIC-195","3","momo"
"SKT","2026-05","SKINTIFIC-195","83","Watsons"
"SKT","2026-05","SKINTIFIC-20","4","momo"
"SKT","2026-05","SKINTIFIC-20","99","Watsons"
"SKT","2026-05","SKINTIFIC-201","14","momo"
"SKT","2026-05","SKINTIFIC-201","367","Watsons"
"SKT","2026-05","SKINTIFIC-209","83","Watsons"
"SKT","2026-05","SKINTIFIC-21","18","momo"
"SKT","2026-05","SKINTIFIC-21","424","Watsons"
"SKT","2026-05","SKINTIFIC-210","79","Watsons"
"SKT","2026-05","SKINTIFIC-212","27","momo"
"SKT","2026-05","SKINTIFIC-212","64","Watsons"
"SKT","2026-05","SKINTIFIC-225","3","momo"
"SKT","2026-05","SKINTIFIC-225","86","Watsons"
"SKT","2026-05","SKINTIFIC-227","22","momo"
"SKT","2026-05","SKINTIFIC-227","250","Watsons"
"SKT","2026-05","SKINTIFIC-23","9","momo"
"SKT","2026-05","SKINTIFIC-2461","30","Watsons"
"SKT","2026-05","SKINTIFIC-2462","35","Watsons"
"SKT","2026-05","SKINTIFIC-2463","14","Watsons"
"SKT","2026-05","SKINTIFIC-2463A","15","Watsons"
"SKT","2026-05","SKINTIFIC-246蜜粉系列","17","momo"
"SKT","2026-05","SKINTIFIC-2490N","41","Watsons"
"SKT","2026-05","SKINTIFIC-2490W","24","Watsons"
"SKT","2026-05","SKINTIFIC-2491N","31","Watsons"
"SKT","2026-05","SKINTIFIC-2491W","21","Watsons"
"SKT","2026-05","SKINTIFIC-2492N","18","Watsons"
"SKT","2026-05","SKINTIFIC-2492W","18","Watsons"
"SKT","2026-05","SKINTIFIC-249NW系列","19","momo"
"SKT","2026-05","SKINTIFIC-260N","336","Watsons"
"SKT","2026-05","SKINTIFIC-260W","243","Watsons"
"SKT","2026-05","SKINTIFIC-261","112","Watsons"
"SKT","2026-05","SKINTIFIC-261N","344","Watsons"
"SKT","2026-05","SKINTIFIC-261W","169","Watsons"
"SKT","2026-05","SKINTIFIC-262","87","Watsons"
"SKT","2026-05","SKINTIFIC-262N","219","Watsons"
"SKT","2026-05","SKINTIFIC-262W","199","Watsons"
"SKT","2026-05","SKINTIFIC-263","122","Watsons"
"SKT","2026-05","SKINTIFIC-269","15","momo"
"SKT","2026-05","SKINTIFIC-269","257","Watsons"
"SKT","2026-05","SKINTIFIC-26系列(含NW)","77","momo"
"SKT","2026-05","SKINTIFIC-26系列(含NW) (2入)","7","momo"
"SKT","2026-05","SKINTIFIC-271","8","Watsons"
"SKT","2026-05","SKINTIFIC-272","18","Watsons"
"SKT","2026-05","SKINTIFIC-273","15","Watsons"
"SKT","2026-05","SKINTIFIC-27系列(金氣墊補充)","20","momo"
"SKT","2026-05","SKINTIFIC-295","11","Watsons"
"SKT","2026-05","SKINTIFIC-296","12","momo"
"SKT","2026-05","SKINTIFIC-296","398","Watsons"
"SKT","2026-05","SKINTIFIC-298","71","momo"
"SKT","2026-05","SKINTIFIC-298","1594","Watsons"
"SKT","2026-05","SKINTIFIC-298 (2入)","22","momo"
"SKT","2026-05","SKINTIFIC-30","97","Watsons"
"SKT","2026-05","SKINTIFIC-305","25","momo"
"SKT","2026-05","SKINTIFIC-305","195","Watsons"
"SKT","2026-05","SKINTIFIC-31","19","Watsons"
"SKT","2026-05","SKINTIFIC-3260N","972","Watsons"
"SKT","2026-05","SKINTIFIC-3260W","599","Watsons"
"SKT","2026-05","SKINTIFIC-3261N","1107","Watsons"
"SKT","2026-05","SKINTIFIC-3261W","480","Watsons"
"SKT","2026-05","SKINTIFIC-3262N","522","Watsons"
"SKT","2026-05","SKINTIFIC-3262W","314","Watsons"
"SKT","2026-05","SKINTIFIC-326NW系列","179","momo"
"SKT","2026-05","SKINTIFIC-326NW系列 (2入)","16","momo"
"SKT","2026-05","SKINTIFIC-340","4","momo"
"SKT","2026-05","SKINTIFIC-340","248","Watsons"
"SKT","2026-05","SKINTIFIC-347","6","momo"
"SKT","2026-05","SKINTIFIC-347","526","Watsons"
"SKT","2026-05","SKINTIFIC-351","35","momo"
"SKT","2026-05","SKINTIFIC-351","1052","Watsons"
"SKT","2026-05","SKINTIFIC-351 (2入)","10","momo"
"SKT","2026-05","SKINTIFIC377亮白肌膚面霜30g","429","Matsumoto"
"SKT","2026-05","SKINTIFIC-39","8","momo"
"SKT","2026-05","SKINTIFIC-39","355","Watsons"
"SKT","2026-05","SKINTIFIC-44","31","Watsons"
"SKT","2026-05","SKINTIFIC-463001W","164","Watsons"
"SKT","2026-05","SKINTIFIC-56","265","Watsons"
"SKT","2026-05","SKINTIFIC-57","32","Watsons"
"SKT","2026-05","SKINTIFIC-64","37","momo"
"SKT","2026-05","SKINTIFIC-64","318","Watsons"
"SKT","2026-05","SKINTIFIC-65","18","momo"
"SKT","2026-05","SKINTIFIC-65","783","Watsons"
"SKT","2026-05","SKINTIFIC-77","17","momo"
"SKT","2026-05","SKINTIFIC-77","1773","Watsons"
"SKT","2026-05","SKINTIFIC-79","81","Watsons"
"SKT","2026-05","SKINTIFIC-86","12","Watsons"
"SKT","2026-05","SKINTIFIC-90","2","momo"
"SKT","2026-05","SKINTIFIC-90","14","Watsons"
"SKT","2026-05","SKINTIFIC-92","4","momo"
"SKT","2026-05","SKINTIFIC-92","131","Watsons"
"SKT","2026-05","SKINTIFIC艾草固體泥膜棒40g","5382","Matsumoto"
"SKT","2026-05","SKINTIFIC泛醇深層潔膚凝露","578","Matsumoto"
"SKT","2026-05","SKINTIFIC泛醇深層潔膚凝露120ml","299","Nihon"
"SKT","2026-05","SKINTIFIC泛醇深層潔膚凝露120ml","3828","POYA"
"SKT","2026-05","SKINTIFIC固體泥膜棒40g-艾草","3828","Nihon"
"SKT","2026-05","SKINTIFIC固體泥膜棒40g-艾草","84411","POYA"
"SKT","2026-05","SKINTIFIC固體泥膜棒40g-亮白","638","Nihon"
"SKT","2026-05","SKINTIFIC固體泥膜棒40g-亮白","5424","POYA"
"SKT","2026-05","SKINTIFIC戶外防曬噴霧250ml","2334","Matsumoto"
"SKT","2026-05","SKINTIFIC積雪草深層卸妝油200ml","2186","Matsumoto"
"SKT","2026-05","SKINTIFIC積雪草深層卸妝油200ml","48737","POYA"
"SKT","2026-05","SKINTIFIC亮白固體泥膜棒 40g","897","Matsumoto"
"SKT","2026-05","SKINTIFIC亮白肌膚精華20ml","1197","Matsumoto"
"SKT","2026-05","SKINTIFIC亮白肌膚精華20ml","1676","Nihon"
"SKT","2026-05","SKINTIFIC亮白肌膚精華20ml","28287","POYA"
"SKT","2026-05","SKINTIFIC亮白面霜30g","3861","Matsumoto"
"SKT","2026-05","SKINTIFIC亮采潤澤唇部精華","1356","Matsumoto"
"SKT","2026-05","SKINTIFIC亮采潤澤唇部精華6.5ml","2094","Nihon"
"SKT","2026-05","SKINTIFIC亮采潤澤唇部精華6.5ml","27675","POYA"
"SKT","2026-05","SKINTIFIC亮采潤澤唇部精華6.5ml莓果粉","3321","Nihon"
"SKT","2026-05","SKINTIFIC亮采潤澤唇部精華6.5ml莓果粉","21771","POYA"
"SKT","2026-05","SKINTIFIC亮采潤澤唇部精華6.5ml櫻桃紅","2583","Nihon"
"SKT","2026-05","SKINTIFIC亮采潤澤唇部精華6.5ml櫻桃紅","10701","POYA"
"SKT","2026-05","SKINTIFIC亮采潤澤唇部精華-莓果粉色","2373","Matsumoto"
"SKT","2026-05","SKINTIFIC亮采潤澤唇部精華-櫻桃紅色","2034","Matsumoto"
"SKT","2026-05","SKINTIFIC亮膚精華噴霧100ml","10307","Matsumoto"
"SKT","2026-05","SKINTIFIC亮膚精華噴霧100ml","4609","Nihon"
"SKT","2026-05","SKINTIFIC亮膚精華噴霧100ml","209683","POYA"
"SKT","2026-05","SKINTIFIC柔嫩亮澤霜30g","116700","POYA"
"SKT","2026-05","SKINTIFIC柔霧定妝蜜粉10g_01","1058","Nihon"
"SKT","2026-05","SKINTIFIC柔霧定妝蜜粉10g_02","1587","Nihon"
"SKT","2026-05","SKINTIFIC柔霧控油氣墊11g-00N","5489","Nihon"
"SKT","2026-05","SKINTIFIC柔霧控油氣墊11g-00N","67527","POYA"
"SKT","2026-05","SKINTIFIC柔霧控油氣墊11g-00W","30195","POYA"
"SKT","2026-05","SKINTIFIC柔霧控油氣墊11g-01N","5988","Nihon"
"SKT","2026-05","SKINTIFIC柔霧控油氣墊11g-01N","70821","POYA"
"SKT","2026-05","SKINTIFIC柔霧控油氣墊11g-01W","2495","Nihon"
"SKT","2026-05","SKINTIFIC柔霧控油氣墊11g-01W","37332","POYA"
"SKT","2026-05","SKINTIFIC柔霧控油氣墊11g-02N","2994","Nihon"
"SKT","2026-05","SKINTIFIC柔霧控油氣墊11g-02N","47214","POYA"
"SKT","2026-05","SKINTIFIC柔霧控油氣墊11g-02W","2994","Nihon"
"SKT","2026-05","SKINTIFIC柔霧控油氣墊11g-02W","39528","POYA"
"SKT","2026-05","SKINTIFIC柔霧濾鏡潤色霜00N","3390","Matsumoto"
"SKT","2026-05","SKINTIFIC柔霧濾鏡潤色霜01N","2373","Matsumoto"
"SKT","2026-05","SKINTIFIC柔霧濾鏡潤色霜01W","2712","Matsumoto"
"SKT","2026-05","SKINTIFIC柔霧濾鏡潤色霜02N","4407","Matsumoto"
"SKT","2026-05","SKINTIFIC柔霧濾鏡潤色霜28g-00N","6282","Nihon"
"SKT","2026-05","SKINTIFIC柔霧濾鏡潤色霜28g-00N","172692","POYA"
"SKT","2026-05","SKINTIFIC柔霧濾鏡潤色霜28g-01N","3839","Nihon"
"SKT","2026-05","SKINTIFIC柔霧濾鏡潤色霜28g-01N","191880","POYA"
"SKT","2026-05","SKINTIFIC柔霧濾鏡潤色霜28g-01W","3490","Nihon"
"SKT","2026-05","SKINTIFIC柔霧濾鏡潤色霜28g-01W","146124","POYA"
"SKT","2026-05","SKINTIFIC柔霧濾鏡潤色霜28g-02N","4537","Nihon"
"SKT","2026-05","SKINTIFIC柔霧濾鏡潤色霜28g-02N","143910","POYA"
"SKT","2026-05","SKINTIFIC三重酸淨痘控油保濕凝膠30g","80004","POYA"
"SKT","2026-05","SKINTIFIC三重酸淨膚調理凝膠11g","65144","POYA"
"SKT","2026-05","SKINTIFIC神經醯胺保濕霜30g-清爽型","7463","Nihon"
"SKT","2026-05","SKINTIFIC神經醯胺保濕霜30g-清爽型","200701","POYA"
"SKT","2026-05","SKINTIFIC視黃醇精華液20ml","1716","Matsumoto"
"SKT","2026-05","SKINTIFIC視黃醇精華液20ml","3672","Nihon"
"SKT","2026-05","SKINTIFIC視黃醇精華液20ml","14370","POYA"
"SKT","2026-05","SKINTIFIC視黃醇面霜30g","858","Matsumoto"
"SKT","2026-05","SKINTIFIC視黃醇面霜30g","2754","Nihon"
"SKT","2026-05","SKINTIFIC視黃醇面霜30g","22992","POYA"
"SKT","2026-05","SKINTIFIC水晶防曬噴霧SPF50 70ml","1463","Nihon"
"SKT","2026-05","SKINTIFIC水晶防曬噴霧SPF50 70ml","43362","POYA"
"SKT","2026-05","SKINTIFIC水楊酸淨痘潔面乳120ml","113919","POYA"
"SKT","2026-05","SKINTIFIC維他命C亮白精華","978","Matsumoto"
"SKT","2026-05","SKINTIFIC維他命C亮白精華1g+9g","4491","Nihon"
"SKT","2026-05","SKINTIFIC維他命C亮白精華1g+9g","31200","POYA"
"SKT","2026-05","SKINTIFIC無瑕氣墊粉底11g-暖調香草01W","1587","Nihon"
"SKT","2026-05","SKINTIFIC無瑕氣墊粉底11g-暖調香草01W","75213","POYA"
"SKT","2026-05","SKINTIFIC無瑕氣墊粉底11g-中性香草01N","2645","Nihon"
"SKT","2026-05","SKINTIFIC無瑕氣墊粉底11g-中性香草01N","133956","POYA"
"SKT","2026-05","SKINTIFIC無瑕氣墊粉底液01N中性調香草白-11g","5489","Matsumoto"
"SKT","2026-05","SKINTIFIC無瑕氣墊粉底液01W暖調香草白-11g","3493","Matsumoto"
"SKT","2026-05","SKINTIFIC無瑕氣墊粉底液02N中性象牙白-11g","3493","Matsumoto"
"SKT","2026-05","SKINTIFIC無瑕氣墊粉底液02W暖調象牙白-11g","2495","Matsumoto"
"SKT","2026-05","SKINTIFIC無瑕氣墊粉底液11g-暖象牙02W","2645","Nihon"
"SKT","2026-05","SKINTIFIC無瑕氣墊粉底液11g-暖象牙02W","24705","POYA"
"SKT","2026-05","SKINTIFIC無瑕氣墊粉底液11g-象牙白02N","1058","Nihon"
"SKT","2026-05","SKINTIFIC無瑕氣墊粉底液11g-象牙白02N","35136","POYA"
"SKT","2026-05","SKINTIFIC無瑕水光粉氣墊 00N自然瓷白色","5489","Matsumoto"
"SKT","2026-05","SKINTIFIC無瑕水光粉氣墊 00W暖調瓷白色","2994","Matsumoto"
"SKT","2026-05","SKINTIFIC無瑕水光粉氣墊 01N自然香草色","6487","Matsumoto"
"SKT","2026-05","SKINTIFIC無瑕水光粉氣墊 01W暖調香草色","2445","Matsumoto"
"SKT","2026-05","SKINTIFIC無瑕水光粉氣墊 02N自然象牙色","4491","Matsumoto"
"SKT","2026-05","SKINTIFIC無瑕水光粉氣墊 02W暖調象牙色","1497","Matsumoto"
"SKT","2026-05","SKINTIFIC無瑕水光氣墊11g-暖調瓷白00W","6348","Nihon"
"SKT","2026-05","SKINTIFIC無瑕水光氣墊11g-暖調瓷白00W","98271","POYA"
"SKT","2026-05","SKINTIFIC無瑕水光氣墊11g-暖調香草01W","2645","Nihon"
"SKT","2026-05","SKINTIFIC無瑕水光氣墊11g-暖調香草01W","308382","POYA"
"SKT","2026-05","SKINTIFIC無瑕水光氣墊11g-暖調象牙02W","1058","Nihon"
"SKT","2026-05","SKINTIFIC無瑕水光氣墊11g-暖調象牙02W","25803","POYA"
"SKT","2026-05","SKINTIFIC無瑕水光氣墊11g-自然瓷白00N","7935","Nihon"
"SKT","2026-05","SKINTIFIC無瑕水光氣墊11g-自然瓷白00N","512972","POYA"
"SKT","2026-05","SKINTIFIC無瑕水光氣墊11g-自然香草01N","9522","Nihon"
"SKT","2026-05","SKINTIFIC無瑕水光氣墊11g-自然香草01N","570856","POYA"
"SKT","2026-05","SKINTIFIC無瑕水光氣墊11g-自然象牙02N","3703","Nihon"
"SKT","2026-05","SKINTIFIC無瑕水光氣墊11g-自然象牙02N","330837","POYA"
"SKT","2026-05","SKINTIFIC無暇氣墊粉底11g-暖調瓷白00W","2116","Nihon"
"SKT","2026-05","SKINTIFIC無暇氣墊粉底11g-暖調瓷白00W","71919","POYA"
"SKT","2026-05","SKINTIFIC無暇氣墊粉底11g-中性瓷白00N","4232","Nihon"
"SKT","2026-05","SKINTIFIC無暇氣墊粉底11g-中性瓷白00N","124074","POYA"
"SKT","2026-05","SKINTIFIC無暇氣墊粉底液00N中性調瓷白 11g","4491","Matsumoto"
"SKT","2026-05","SKINTIFIC無暇氣墊粉底液00W暖調瓷白11g","998","Matsumoto"
"SKT","2026-05","SKINTIFIC啞光定妝噴霧 80ml","4755","Matsumoto"
"SKT","2026-05","SKINTIFIC啞光定妝噴霧80ml","5866","Nihon"
"SKT","2026-05","SKINTIFIC啞光定妝噴霧80ml","317892","POYA"
"SKT","2026-05","SKINTIFIC啞光防曬霜30g","1254","Matsumoto"
"SKT","2026-05","SKINTIFIC啞光防曬霜50g","2065","Nihon"
"SKT","2026-05","SKINTIFIC啞光防曬霜SPF50 30g","1374","Nihon"
"SKT","2026-05","SKINTIFIC啞光防曬霜SPF50 30g","37230","POYA"
"SKT","2026-05","SKINTIFIC啞光氣墊00N","4990","Matsumoto"
"SKT","2026-05","SKINTIFIC啞光氣墊00W","499","Matsumoto"
"SKT","2026-05","SKINTIFIC啞光氣墊01N","4491","Matsumoto"
"SKT","2026-05","SKINTIFIC啞光氣墊01W","1497","Matsumoto"
"SKT","2026-05","SKINTIFIC啞光氣墊02N","1996","Matsumoto"
"SKT","2026-05","SKINTIFIC啞光氣墊02W","998","Matsumoto"
"SKT","2026-05","SKINTIFIC菸醯胺亮白精華20ml","399","Matsumoto"
"SKT","2026-05","SKINTIFIC菸醯胺亮白精華20ml","2514","Nihon"
"SKT","2026-05","SKINTIFIC菸醯胺亮白精華20ml","24695","POYA"
"SKT","2026-05","SKINTIFIC菸醯胺亮白精華水80ml","339","Matsumoto"
"SKT","2026-05","SKINTIFIC菸醯胺亮白精華水80ml","349","Nihon"
"SKT","2026-05","SKINTIFIC菸醯胺亮白面霜30g","4131","Nihon"
"SKT","2026-05","SKINTIFIC菸醯胺亮白面霜30g","82867","POYA"
"SKT","2026-05","SKINTIFIC菸醯胺亮白洗面乳120ml","558","Matsumoto"
"SKT","2026-05","SKINTIFIC菸醯胺亮白洗面乳120ml","2655","Nihon"
"SKT","2026-05","SKINTIFIC菸醯胺亮白洗面乳120ml","33488","POYA"
"SKT","2026-05","SKINTIFIC滋潤防曬霜30ml","1971","Matsumoto"
"SKT","2026-05","SKINTIFIC滋潤防曬霜SPF50 30ml","2519","Nihon"
"SKT","2026-05","SKINTIFIC滋潤防曬霜SPF50 30ml","31755","POYA"
"SKT","2026-05","SKINTIFIC滋潤防曬霜SPF50 50ml","2950","Nihon"
"SKT","2026-05","唇部精華 (2入)","16","momo"
"SKT","2026-05","亮白肌膚加強組 (s17+s39)","1","momo"
"SKT","2026-05","泥膜棒組(S77+S65+S147)","5","momo"
"SKT","2026-05","未對照-300983","2","Watsons"
"SKT","2026-05","未對照-303640","1","Watsons"
"SKT","2026-05","未對照-308130","3","Watsons"
"SKT","2026-05","未對照-311913","1","Watsons"
"SKT","2026-05","修復套組 (s05+s13)","15","momo"
"SKT","2026-06","4897147691194","214","Cosmed"
"SKT","2026-06","4897147691200","182","Cosmed"
"SKT","2026-06","4897147691217","125","Cosmed"
"SKT","2026-06","4897147691279","132","Cosmed"
"SKT","2026-06","4897147691286","86","Cosmed"
"SKT","2026-06","4897147691293","69","Cosmed"
"SKT","2026-06","4897147691323","293","Cosmed"
"SKT","2026-06","4897147691330","126","Cosmed"
"SKT","2026-06","4897150000000","300","Cosmed"
"SKT","2026-06","7554410000000","214","Cosmed"
"SKT","2026-06","7554411565328","51","Cosmed"
"SKT","2026-06","7554411566554","688","Cosmed"
"SKT","2026-06","7554411568398","83","Cosmed"
"SKT","2026-06","7554411568916","92","Cosmed"
"SKT","2026-06","7554411569524","139","Cosmed"
"SKT","2026-06","810114870044","227","Cosmed"
"SKT","2026-06","810114870136","172","Cosmed"
"SKT","2026-06","810114870143","47","Cosmed"
"SKT","2026-06","810114870327","281","Cosmed"
"SKT","2026-06","810114870341","400","Cosmed"
"SKT","2026-06","810114870716","132","Cosmed"
"SKT","2026-06","810114871157","158","Cosmed"
"SKT","2026-06","810114871195","91","Cosmed"
"SKT","2026-06","810114871201","32","Cosmed"
"SKT","2026-06","810114871409","31","Cosmed"
"SKT","2026-06","810114871423","192","Cosmed"
"SKT","2026-06","810114871478","73","Cosmed"
"SKT","2026-06","810114871515","118","Cosmed"
"SKT","2026-06","810114871522","86","Cosmed"
"SKT","2026-06","810114871539","55","Cosmed"
"SKT","2026-06","810114871546","103","Cosmed"
"SKT","2026-06","810114871553","40","Cosmed"
"SKT","2026-06","810114871560","75","Cosmed"
"SKT","2026-06","810114871577","44","Cosmed"
"SKT","2026-06","810114871775","130","Cosmed"
"SKT","2026-06","810114871867","193","Cosmed"
"SKT","2026-06","810114872239","115","Cosmed"
"SKT","2026-06","810114872246","63","Cosmed"
"SKT","2026-06","810114872253","120","Cosmed"
"SKT","2026-06","810114872260","61","Cosmed"
"SKT","2026-06","810114872277","96","Cosmed"
"SKT","2026-06","810114872284","76","Cosmed"
"SKT","2026-06","810114872512","8","Cosmed"
"SKT","2026-06","810114872529","17","Cosmed"
"SKT","2026-06","810114872536","10","Cosmed"
"SKT","2026-06","810114872543","11","Cosmed"
"SKT","2026-06","810114872833","265","Cosmed"
"SKT","2026-06","810114874042","212","Cosmed"
"SKT","2026-06","810114874448","139","Cosmed"
"SKT","2026-06","810114874530","63","Cosmed"
"SKT","2026-06","810114874677","30","Cosmed"
"SKT","2026-06","810114874684","31","Cosmed"
"SKT","2026-06","810114874691","26","Cosmed"
"SKT","2026-06","810114874707","36","Cosmed"
"SKT","2026-06","810114874745","58","Cosmed"
"SKT","2026-06","8101148747528","448","Cosmed"
"SKT","2026-06","810115000000","997","Cosmed"
"SKT","2026-06","8101150000000","79","Cosmed"
"SKT","2026-06","PDRN組 (s351+s347)","8","momo"
"SKT","2026-06","SKINTIFIC 377亮白肌膚面霜30g","3213","Nihon"
"SKT","2026-06","SKINTIFIC 377亮白肌膚面霜30g","56522","POYA"
"SKT","2026-06","SKINTIFIC 5X戶外防曬噴霧250ml","10773","Nihon"
"SKT","2026-06","SKINTIFIC 5X戶外防曬噴霧250ml","78967","POYA"
"SKT","2026-06","SKINTIFIC 5X神經醯胺保濕霜30g","18718","Matsumoto"
"SKT","2026-06","SKINTIFIC 5X神經醯胺保濕霜30g","9867","Nihon"
"SKT","2026-06","SKINTIFIC 5X神經醯胺保濕霜30g","652802","POYA"
"SKT","2026-06","SKINTIFIC 5X神經醯胺保濕霜7g","0","711"
"SKT","2026-06","SKINTIFIC 5X神經醯胺防曬霜7g","0","711"
"SKT","2026-06","SKINTIFIC 5X神經醯胺洗面乳120 ml","2390","Matsumoto"
"SKT","2026-06","SKINTIFIC 5X神經醯胺洗面乳120ml","3885","Nihon"
"SKT","2026-06","SKINTIFIC 5X神經醯胺洗面乳120ml","87694","POYA"
"SKT","2026-06","SKINTIFIC 5X神經醯胺修復精華20ml","5298","Matsumoto"
"SKT","2026-06","SKINTIFIC 5X神經醯胺修復精華20ml","7182","Nihon"
"SKT","2026-06","SKINTIFIC 5X神經醯胺修復精華20ml","59906","POYA"
"SKT","2026-06","SKINTIFIC 5X神經醯胺修復水80ml","2712","Matsumoto"
"SKT","2026-06","SKINTIFIC 5X神經醯胺修復水80ml","3141","Nihon"
"SKT","2026-06","SKINTIFIC 5X神經醯胺修復水80ml","38745","POYA"
"SKT","2026-06","SKINTIFIC PDRN亮白柔嫩保濕精華 20ml","2145","Nihon"
"SKT","2026-06","SKINTIFIC PDRN亮白柔嫩保濕精華 20ml","113685","POYA"
"SKT","2026-06","SKINTIFIC PDRN亮白柔嫩保濕精華 30g","1716","Matsumoto"
"SKT","2026-06","SKINTIFIC PDRN亮白柔嫩保濕霜 20ml","3003","Matsumoto"
"SKT","2026-06","SKINTIFIC PDRN亮白柔嫩保濕霜30g","3432","Nihon"
"SKT","2026-06","SKINTIFIC PDRN亮白柔嫩保濕霜30g","283998","POYA"
"SKT","2026-06","SKINTIFIC VC亮白保濕霜 30g","2514","POYA"
"SKT","2026-06","SKINTIFIC 神經醯胺保濕霜30g-清爽型","14860","Matsumoto"
"SKT","2026-06","SKINTIFIC-01","47","Watsons"
"SKT","2026-06","SKINTIFIC-04","2","momo"
"SKT","2026-06","SKINTIFIC-04","353","Watsons"
"SKT","2026-06","SKINTIFIC-05","31","momo"
"SKT","2026-06","SKINTIFIC-05","2975","Watsons"
"SKT","2026-06","SKINTIFIC-05 (2入)","81","momo"
"SKT","2026-06","SKINTIFIC-08","6","momo"
"SKT","2026-06","SKINTIFIC-08","63","Watsons"
"SKT","2026-06","SKINTIFIC-09","10","momo"
"SKT","2026-06","SKINTIFIC-09","114","Watsons"
"SKT","2026-06","SKINTIFIC-105","23","Watsons"
"SKT","2026-06","SKINTIFIC-114","2","momo"
"SKT","2026-06","SKINTIFIC-114","38","Watsons"
"SKT","2026-06","SKINTIFIC-12","8","momo"
"SKT","2026-06","SKINTIFIC-12","424","Watsons"
"SKT","2026-06","SKINTIFIC-120","2","momo"
"SKT","2026-06","SKINTIFIC-120","13","Watsons"
"SKT","2026-06","SKINTIFIC-122","1","momo"
"SKT","2026-06","SKINTIFIC-122","101","Watsons"
"SKT","2026-06","SKINTIFIC-123","147","Watsons"
"SKT","2026-06","SKINTIFIC-1234","153","Watsons"
"SKT","2026-06","SKINTIFIC-1236","144","Watsons"
"SKT","2026-06","SKINTIFIC-123唇部系列","40","momo"
"SKT","2026-06","SKINTIFIC-129","2","momo"
"SKT","2026-06","SKINTIFIC-129","8","Watsons"
"SKT","2026-06","SKINTIFIC-13","8","momo"
"SKT","2026-06","SKINTIFIC-13","541","Watsons"
"SKT","2026-06","SKINTIFIC-1340","102","Watsons"
"SKT","2026-06","SKINTIFIC-1340N","395","Watsons"
"SKT","2026-06","SKINTIFIC-1340W","223","Watsons"
"SKT","2026-06","SKINTIFIC-1341","80","Watsons"
"SKT","2026-06","SKINTIFIC-1341N","416","Watsons"
"SKT","2026-06","SKINTIFIC-1341W","161","Watsons"
"SKT","2026-06","SKINTIFIC-1342","80","Watsons"
"SKT","2026-06","SKINTIFIC-1342N","314","Watsons"
"SKT","2026-06","SKINTIFIC-1342W","211","Watsons"
"SKT","2026-06","SKINTIFIC-1343","74","Watsons"
"SKT","2026-06","SKINTIFIC-1343N","18","Watsons"
"SKT","2026-06","SKINTIFIC-1343W","22","Watsons"
"SKT","2026-06","SKINTIFIC-134系列(含NW)","191","momo"
"SKT","2026-06","SKINTIFIC-147","5","momo"
"SKT","2026-06","SKINTIFIC-147","709","Watsons"
"SKT","2026-06","SKINTIFIC-157","491","Watsons"
"SKT","2026-06","SKINTIFIC-161","27","momo"
"SKT","2026-06","SKINTIFIC-161","134","Watsons"
"SKT","2026-06","SKINTIFIC-161 (2入)","5","momo"
"SKT","2026-06","SKINTIFIC-17","2","momo"
"SKT","2026-06","SKINTIFIC-17","310","Watsons"
"SKT","2026-06","SKINTIFIC-170","59","momo"
"SKT","2026-06","SKINTIFIC-170","712","Watsons"
"SKT","2026-06","SKINTIFIC-170 (2入)","27","momo"
"SKT","2026-06","SKINTIFIC-17100N","78","Watsons"
"SKT","2026-06","SKINTIFIC-17101N","71","Watsons"
"SKT","2026-06","SKINTIFIC-17101W","72","Watsons"
"SKT","2026-06","SKINTIFIC-17102N","85","Watsons"
"SKT","2026-06","SKINTIFIC-17102W","4","Watsons"
"SKT","2026-06","SKINTIFIC-1710NW系列","36","momo"
"SKT","2026-06","SKINTIFIC-18","4","momo"
"SKT","2026-06","SKINTIFIC-18","217","Watsons"
"SKT","2026-06","SKINTIFIC-180","2","momo"
"SKT","2026-06","SKINTIFIC-180","185","Watsons"
"SKT","2026-06","SKINTIFIC-183","7","momo"
"SKT","2026-06","SKINTIFIC-183","212","Watsons"
"SKT","2026-06","SKINTIFIC-19","7","momo"
"SKT","2026-06","SKINTIFIC-19","8","Watsons"
"SKT","2026-06","SKINTIFIC-191","17","momo"
"SKT","2026-06","SKINTIFIC-191","420","Watsons"
"SKT","2026-06","SKINTIFIC-195","3","momo"
"SKT","2026-06","SKINTIFIC-195","198","Watsons"
"SKT","2026-06","SKINTIFIC-20","3","momo"
"SKT","2026-06","SKINTIFIC-20","174","Watsons"
"SKT","2026-06","SKINTIFIC-201","18","momo"
"SKT","2026-06","SKINTIFIC-201","588","Watsons"
"SKT","2026-06","SKINTIFIC-209","152","Watsons"
"SKT","2026-06","SKINTIFIC-21","12","momo"
"SKT","2026-06","SKINTIFIC-21","539","Watsons"
"SKT","2026-06","SKINTIFIC-210","140","Watsons"
"SKT","2026-06","SKINTIFIC-212","22","momo"
"SKT","2026-06","SKINTIFIC-212","220","Watsons"
"SKT","2026-06","SKINTIFIC-212 (3入)","2","momo"
"SKT","2026-06","SKINTIFIC-225","4","momo"
"SKT","2026-06","SKINTIFIC-225","161","Watsons"
"SKT","2026-06","SKINTIFIC-227","29","momo"
"SKT","2026-06","SKINTIFIC-227","594","Watsons"
"SKT","2026-06","SKINTIFIC-23","3","momo"
"SKT","2026-06","SKINTIFIC-2461","39","Watsons"
"SKT","2026-06","SKINTIFIC-2462","57","Watsons"
"SKT","2026-06","SKINTIFIC-2463","20","Watsons"
"SKT","2026-06","SKINTIFIC-2463A","18","Watsons"
"SKT","2026-06","SKINTIFIC-246蜜粉系列","33","momo"
"SKT","2026-06","SKINTIFIC-2490N","93","Watsons"
"SKT","2026-06","SKINTIFIC-2490W","44","Watsons"
"SKT","2026-06","SKINTIFIC-2491N","74","Watsons"
"SKT","2026-06","SKINTIFIC-2491W","59","Watsons"
"SKT","2026-06","SKINTIFIC-2492N","44","Watsons"
"SKT","2026-06","SKINTIFIC-2492W","32","Watsons"
"SKT","2026-06","SKINTIFIC-249NW系列","19","momo"
"SKT","2026-06","SKINTIFIC-260N","335","Watsons"
"SKT","2026-06","SKINTIFIC-260W","215","Watsons"
"SKT","2026-06","SKINTIFIC-261","137","Watsons"
"SKT","2026-06","SKINTIFIC-261N","302","Watsons"
"SKT","2026-06","SKINTIFIC-261W","150","Watsons"
"SKT","2026-06","SKINTIFIC-262","127","Watsons"
"SKT","2026-06","SKINTIFIC-262N","248","Watsons"
"SKT","2026-06","SKINTIFIC-262W","171","Watsons"
"SKT","2026-06","SKINTIFIC-263","145","Watsons"
"SKT","2026-06","SKINTIFIC-269","16","momo"
"SKT","2026-06","SKINTIFIC-269","348","Watsons"
"SKT","2026-06","SKINTIFIC-26系列(含NW)","150","momo"
"SKT","2026-06","SKINTIFIC-271","17","Watsons"
"SKT","2026-06","SKINTIFIC-272","25","Watsons"
"SKT","2026-06","SKINTIFIC-273","12","Watsons"
"SKT","2026-06","SKINTIFIC-27系列(金氣墊補充)","28","momo"
"SKT","2026-06","SKINTIFIC-295","13","Watsons"
"SKT","2026-06","SKINTIFIC-296","10","momo"
"SKT","2026-06","SKINTIFIC-296","458","Watsons"
"SKT","2026-06","SKINTIFIC-298","53","momo"
"SKT","2026-06","SKINTIFIC-298","1378","Watsons"
"SKT","2026-06","SKINTIFIC-298 (2入)","38","momo"
"SKT","2026-06","SKINTIFIC-30","140","Watsons"
"SKT","2026-06","SKINTIFIC-305","23","momo"
"SKT","2026-06","SKINTIFIC-305","289","Watsons"
"SKT","2026-06","SKINTIFIC-31","58","Watsons"
"SKT","2026-06","SKINTIFIC-31001","6","momo"
"SKT","2026-06","SKINTIFIC-3260N","633","Watsons"
"SKT","2026-06","SKINTIFIC-3260W","355","Watsons"
"SKT","2026-06","SKINTIFIC-3261N","701","Watsons"
"SKT","2026-06","SKINTIFIC-3261W","345","Watsons"
"SKT","2026-06","SKINTIFIC-3262N","387","Watsons"
"SKT","2026-06","SKINTIFIC-3262W","274","Watsons"
"SKT","2026-06","SKINTIFIC-326NW系列","251","momo"
"SKT","2026-06","SKINTIFIC-340","5","momo"
"SKT","2026-06","SKINTIFIC-340","403","Watsons"
"SKT","2026-06","SKINTIFIC-347","7","momo"
"SKT","2026-06","SKINTIFIC-347","652","Watsons"
"SKT","2026-06","SKINTIFIC-351","25","momo"
"SKT","2026-06","SKINTIFIC-351","1201","Watsons"
"SKT","2026-06","SKINTIFIC-351 (2入)","13","momo"
"SKT","2026-06","SKINTIFIC377亮白肌膚面霜30g","2574","Matsumoto"
"SKT","2026-06","SKINTIFIC-388","93","Watsons"
"SKT","2026-06","SKINTIFIC-39","7","momo"
"SKT","2026-06","SKINTIFIC-39","447","Watsons"
"SKT","2026-06","SKINTIFIC-40","1","Watsons"
"SKT","2026-06","SKINTIFIC-40600","39","Watsons"
"SKT","2026-06","SKINTIFIC-44","41","Watsons"
"SKT","2026-06","SKINTIFIC-463001W","211","Watsons"
"SKT","2026-06","SKINTIFIC-56","271","Watsons"
"SKT","2026-06","SKINTIFIC-57","58","Watsons"
"SKT","2026-06","SKINTIFIC-64","33","momo"
"SKT","2026-06","SKINTIFIC-64","411","Watsons"
"SKT","2026-06","SKINTIFIC-64 (3入)","3","momo"
"SKT","2026-06","SKINTIFIC-65","17","momo"
"SKT","2026-06","SKINTIFIC-65","979","Watsons"
"SKT","2026-06","SKINTIFIC-77","19","momo"
"SKT","2026-06","SKINTIFIC-77","2188","Watsons"
"SKT","2026-06","SKINTIFIC-79","140","Watsons"
"SKT","2026-06","SKINTIFIC-86","13","Watsons"
"SKT","2026-06","SKINTIFIC-90","20","Watsons"
"SKT","2026-06","SKINTIFIC-92","3","momo"
"SKT","2026-06","SKINTIFIC-92","145","Watsons"
"SKT","2026-06","SKINTIFIC艾草固體泥膜棒40g","5950","Matsumoto"
"SKT","2026-06","SKINTIFIC泛醇深層潔膚凝露","867","Matsumoto"
"SKT","2026-06","SKINTIFIC泛醇深層潔膚凝露120ml","299","Nihon"
"SKT","2026-06","SKINTIFIC泛醇深層潔膚凝露120ml","9251","POYA"
"SKT","2026-06","SKINTIFIC固體泥膜棒40g-艾草","4466","Nihon"
"SKT","2026-06","SKINTIFIC固體泥膜棒40g-艾草","103395","POYA"
"SKT","2026-06","SKINTIFIC固體泥膜棒40g-亮白","1276","Nihon"
"SKT","2026-06","SKINTIFIC固體泥膜棒40g-亮白","20679","POYA"
"SKT","2026-06","SKINTIFIC戶外防曬噴霧250ml","1556","Matsumoto"
"SKT","2026-06","SKINTIFIC積雪草深層卸妝油200ml","4719","Matsumoto"
"SKT","2026-06","SKINTIFIC積雪草深層卸妝油200ml","598","Nihon"
"SKT","2026-06","SKINTIFIC積雪草深層卸妝油200ml","44551","POYA"
"SKT","2026-06","SKINTIFIC亮白固體泥膜棒 40g","2949","Matsumoto"
"SKT","2026-06","SKINTIFIC亮白肌膚精華20ml","4389","Matsumoto"
"SKT","2026-06","SKINTIFIC亮白肌膚精華20ml","2514","Nihon"
"SKT","2026-06","SKINTIFIC亮白肌膚精華20ml","29634","POYA"
"SKT","2026-06","SKINTIFIC亮白面霜30g","3814","Matsumoto"
"SKT","2026-06","SKINTIFIC亮采潤澤唇部精華","2672","Matsumoto"
"SKT","2026-06","SKINTIFIC亮采潤澤唇部精華6.5ml","1047","Nihon"
"SKT","2026-06","SKINTIFIC亮采潤澤唇部精華6.5ml","21357","POYA"
"SKT","2026-06","SKINTIFIC亮采潤澤唇部精華6.5ml莓果粉","2443","Nihon"
"SKT","2026-06","SKINTIFIC亮采潤澤唇部精華6.5ml莓果粉","22035","POYA"
"SKT","2026-06","SKINTIFIC亮采潤澤唇部精華6.5ml櫻桃紅","698","Nihon"
"SKT","2026-06","SKINTIFIC亮采潤澤唇部精華6.5ml櫻桃紅","12882","POYA"
"SKT","2026-06","SKINTIFIC亮采潤澤唇部精華-莓果粉色","4363","Matsumoto"
"SKT","2026-06","SKINTIFIC亮采潤澤唇部精華-櫻桃紅色","678","Matsumoto"
"SKT","2026-06","SKINTIFIC亮膚精華噴霧100ml","12768","Matsumoto"
"SKT","2026-06","SKINTIFIC亮膚精華噴霧100ml","4609","Nihon"
"SKT","2026-06","SKINTIFIC亮膚精華噴霧100ml","174212","POYA"
"SKT","2026-06","SKINTIFIC柔嫩亮澤霜30g","88692","POYA"
"SKT","2026-06","SKINTIFIC柔霧定妝蜜粉10g_01","529","Nihon"
"SKT","2026-06","SKINTIFIC柔霧控油氣墊11g-00N","3174","Nihon"
"SKT","2026-06","SKINTIFIC柔霧控油氣墊11g-00N","71357","POYA"
"SKT","2026-06","SKINTIFIC柔霧控油氣墊11g-00W","46906","POYA"
"SKT","2026-06","SKINTIFIC柔霧控油氣墊11g-01N","6348","Nihon"
"SKT","2026-06","SKINTIFIC柔霧控油氣墊11g-01N","77345","POYA"
"SKT","2026-06","SKINTIFIC柔霧控油氣墊11g-01W","3174","Nihon"
"SKT","2026-06","SKINTIFIC柔霧控油氣墊11g-01W","47405","POYA"
"SKT","2026-06","SKINTIFIC柔霧控油氣墊11g-02N","6877","Nihon"
"SKT","2026-06","SKINTIFIC柔霧控油氣墊11g-02N","59880","POYA"
"SKT","2026-06","SKINTIFIC柔霧控油氣墊11g-02W","3174","Nihon"
"SKT","2026-06","SKINTIFIC柔霧控油氣墊11g-02W","43413","POYA"
"SKT","2026-06","SKINTIFIC柔霧濾鏡潤色霜00N","6025","Matsumoto"
"SKT","2026-06","SKINTIFIC柔霧濾鏡潤色霜01N","8096","Matsumoto"
"SKT","2026-06","SKINTIFIC柔霧濾鏡潤色霜01W","4360","Matsumoto"
"SKT","2026-06","SKINTIFIC柔霧濾鏡潤色霜02N","3729","Matsumoto"
"SKT","2026-06","SKINTIFIC柔霧濾鏡潤色霜28g-00N","6980","Nihon"
"SKT","2026-06","SKINTIFIC柔霧濾鏡潤色霜28g-00N","118965","POYA"
"SKT","2026-06","SKINTIFIC柔霧濾鏡潤色霜28g-01N","6282","Nihon"
"SKT","2026-06","SKINTIFIC柔霧濾鏡潤色霜28g-01N","169950","POYA"
"SKT","2026-06","SKINTIFIC柔霧濾鏡潤色霜28g-01W","2094","Nihon"
"SKT","2026-06","SKINTIFIC柔霧濾鏡潤色霜28g-01W","108460","POYA"
"SKT","2026-06","SKINTIFIC柔霧濾鏡潤色霜28g-02N","2792","Nihon"
"SKT","2026-06","SKINTIFIC柔霧濾鏡潤色霜28g-02N","127919","POYA"
"SKT","2026-06","SKINTIFIC三重酸淨痘控油保濕凝膠30g","82377","POYA"
"SKT","2026-06","SKINTIFIC三重酸淨膚調理凝膠11g","49383","POYA"
"SKT","2026-06","SKINTIFIC神經醯胺保濕霜30g-清爽型","11583","Nihon"
"SKT","2026-06","SKINTIFIC神經醯胺保濕霜30g-清爽型","224651","POYA"
"SKT","2026-06","SKINTIFIC視黃醇精華液20ml","1716","Matsumoto"
"SKT","2026-06","SKINTIFIC視黃醇精華液20ml","5967","Nihon"
"SKT","2026-06","SKINTIFIC視黃醇精華液20ml","22034","POYA"
"SKT","2026-06","SKINTIFIC視黃醇面霜30g","2145","Matsumoto"
"SKT","2026-06","SKINTIFIC視黃醇面霜30g","4590","Nihon"
"SKT","2026-06","SKINTIFIC視黃醇面霜30g","33530","POYA"
"SKT","2026-06","SKINTIFIC水晶防曬噴霧70ml SPF5","627","Matsumoto"
"SKT","2026-06","SKINTIFIC水晶防曬噴霧SPF50 70ml","3893","Nihon"
"SKT","2026-06","SKINTIFIC水晶防曬噴霧SPF50 70ml","54014","POYA"
"SKT","2026-06","SKINTIFIC水楊酸淨痘潔面乳120ml","106020","POYA"
"SKT","2026-06","SKINTIFIC維他命C亮白精華","978","Matsumoto"
"SKT","2026-06","SKINTIFIC維他命C亮白精華1g+9g","1996","Nihon"
"SKT","2026-06","SKINTIFIC維他命C亮白精華1g+9g","22100","POYA"
"SKT","2026-06","SKINTIFIC無瑕氣墊粉底11g-暖調香草01W","529","Nihon"
"SKT","2026-06","SKINTIFIC無瑕氣墊粉底11g-暖調香草01W","81252","POYA"
"SKT","2026-06","SKINTIFIC無瑕氣墊粉底11g-中性香草01N","8464","Nihon"
"SKT","2026-06","SKINTIFIC無瑕氣墊粉底11g-中性香草01N","128466","POYA"
"SKT","2026-06","SKINTIFIC無瑕氣墊粉底液01N中性調香草白-11g","3992","Matsumoto"
"SKT","2026-06","SKINTIFIC無瑕氣墊粉底液01W暖調香草白-11g","998","Matsumoto"
"SKT","2026-06","SKINTIFIC無瑕氣墊粉底液02N中性象牙白-11g","4420","Matsumoto"
"SKT","2026-06","SKINTIFIC無瑕氣墊粉底液02W暖調象牙白-11g","1497","Matsumoto"
"SKT","2026-06","SKINTIFIC無瑕氣墊粉底液11g-暖象牙02W","3174","Nihon"
"SKT","2026-06","SKINTIFIC無瑕氣墊粉底液11g-暖象牙02W","32391","POYA"
"SKT","2026-06","SKINTIFIC無瑕氣墊粉底液11g-象牙白02N","2116","Nihon"
"SKT","2026-06","SKINTIFIC無瑕氣墊粉底液11g-象牙白02N","50508","POYA"
"SKT","2026-06","SKINTIFIC無瑕水光粉氣墊 00N自然瓷白色","8404","Matsumoto"
"SKT","2026-06","SKINTIFIC無瑕水光粉氣墊 00W暖調瓷白色","4141","Matsumoto"
"SKT","2026-06","SKINTIFIC無瑕水光粉氣墊 01N自然香草色","9557","Matsumoto"
"SKT","2026-06","SKINTIFIC無瑕水光粉氣墊 01W暖調香草色","6975","Matsumoto"
"SKT","2026-06","SKINTIFIC無瑕水光粉氣墊 02N自然象牙色","6970","Matsumoto"
"SKT","2026-06","SKINTIFIC無瑕水光粉氣墊 02W暖調象牙色","2744","Matsumoto"
"SKT","2026-06","SKINTIFIC無瑕水光氣墊11g-暖調瓷白00W","4761","Nihon"
"SKT","2026-06","SKINTIFIC無瑕水光氣墊11g-暖調瓷白00W","74664","POYA"
"SKT","2026-06","SKINTIFIC無瑕水光氣墊11g-暖調香草01W","1587","Nihon"
"SKT","2026-06","SKINTIFIC無瑕水光氣墊11g-暖調香草01W","228542","POYA"
"SKT","2026-06","SKINTIFIC無瑕水光氣墊11g-暖調象牙02W","2116","Nihon"
"SKT","2026-06","SKINTIFIC無瑕水光氣墊11g-暖調象牙02W","27450","POYA"
"SKT","2026-06","SKINTIFIC無瑕水光氣墊11g-自然瓷白00N","2645","Nihon"
"SKT","2026-06","SKINTIFIC無瑕水光氣墊11g-自然瓷白00N","376745","POYA"
"SKT","2026-06","SKINTIFIC無瑕水光氣墊11g-自然香草01N","8993","Nihon"
"SKT","2026-06","SKINTIFIC無瑕水光氣墊11g-自然香草01N","438621","POYA"
"SKT","2026-06","SKINTIFIC無瑕水光氣墊11g-自然象牙02N","4761","Nihon"
"SKT","2026-06","SKINTIFIC無瑕水光氣墊11g-自然象牙02N","261975","POYA"
"SKT","2026-06","SKINTIFIC無暇氣墊粉底11g-暖調瓷白00W","2645","Nihon"
"SKT","2026-06","SKINTIFIC無暇氣墊粉底11g-暖調瓷白00W","60939","POYA"
"SKT","2026-06","SKINTIFIC無暇氣墊粉底11g-中性瓷白00N","7406","Nihon"
"SKT","2026-06","SKINTIFIC無暇氣墊粉底11g-中性瓷白00N","98820","POYA"
"SKT","2026-06","SKINTIFIC無暇氣墊粉底液00N中性調瓷白 11g","3493","Matsumoto"
"SKT","2026-06","SKINTIFIC無暇氣墊粉底液00W暖調瓷白11g","1996","Matsumoto"
"SKT","2026-06","SKINTIFIC啞光定妝噴霧 80ml","6340","Matsumoto"
"SKT","2026-06","SKINTIFIC啞光定妝噴霧80ml","5447","Nihon"
"SKT","2026-06","SKINTIFIC啞光定妝噴霧80ml","296175","POYA"
"SKT","2026-06","SKINTIFIC啞光防曬霜30g","3833","Matsumoto"
"SKT","2026-06","SKINTIFIC啞光防曬霜50g","1770","Nihon"
"SKT","2026-06","SKINTIFIC啞光防曬霜SPF50 30g","1832","Nihon"
"SKT","2026-06","SKINTIFIC啞光防曬霜SPF50 30g","61758","POYA"
"SKT","2026-06","SKINTIFIC啞光氣墊00N","5094","Matsumoto"
"SKT","2026-06","SKINTIFIC啞光氣墊00W","2295","Matsumoto"
"SKT","2026-06","SKINTIFIC啞光氣墊01N","5447","Matsumoto"
"SKT","2026-06","SKINTIFIC啞光氣墊01W","2716","Matsumoto"
"SKT","2026-06","SKINTIFIC啞光氣墊02N","5489","Matsumoto"
"SKT","2026-06","SKINTIFIC啞光氣墊02W","3493","Matsumoto"
"SKT","2026-06","SKINTIFIC菸醯胺亮白精華20ml","3534","Matsumoto"
"SKT","2026-06","SKINTIFIC菸醯胺亮白精華20ml","3771","Nihon"
"SKT","2026-06","SKINTIFIC菸醯胺亮白精華20ml","35471","POYA"
"SKT","2026-06","SKINTIFIC菸醯胺亮白精華水80ml","1356","Matsumoto"
"SKT","2026-06","SKINTIFIC菸醯胺亮白精華水80ml","349","Nihon"
"SKT","2026-06","SKINTIFIC菸醯胺亮白精華水80ml","2583","POYA"
"SKT","2026-06","SKINTIFIC菸醯胺亮白面霜30g","4131","Nihon"
"SKT","2026-06","SKINTIFIC菸醯胺亮白面霜30g","87990","POYA"
"SKT","2026-06","SKINTIFIC菸醯胺亮白洗面乳120ml","1116","Matsumoto"
"SKT","2026-06","SKINTIFIC菸醯胺亮白洗面乳120ml","2950","Nihon"
"SKT","2026-06","SKINTIFIC菸醯胺亮白洗面乳120ml","29900","POYA"
"SKT","2026-06","SKINTIFIC滋潤防曬霜30ml","2847","Matsumoto"
"SKT","2026-06","SKINTIFIC滋潤防曬霜SPF50 30ml","1603","Nihon"
"SKT","2026-06","SKINTIFIC滋潤防曬霜SPF50 30ml","34416","POYA"
"SKT","2026-06","SKINTIFIC滋潤防曬霜SPF50 50ml","3835","Nihon"
"SKT","2026-06","唇部精華 (2入)","6","momo"
"SKT","2026-06","亮白肌膚加強組 (s17+s39)","1","momo"
"SKT","2026-06","泥膜棒組(S77+S65+S147)","8","momo"
"SKT","2026-06","視黃醇保養組 (s180+s183)","3","momo"
"SKT","2026-06","未對照-300981","1","Watsons"
"SKT","2026-06","未對照-300983","2","Watsons"
"SKT","2026-06","未對照-303640","1","Watsons"
"SKT","2026-06","未對照-308131","1","Watsons"
"SKT","2026-06","修復套組 (s05+s13)","22","momo"
"SKT","2026-07","4897147691194","93","Cosmed"
"SKT","2026-07","4897147691200","88","Cosmed"
"SKT","2026-07","4897147691217","65","Cosmed"
"SKT","2026-07","4897147691279","62","Cosmed"
"SKT","2026-07","4897147691286","45","Cosmed"
"SKT","2026-07","4897147691293","34","Cosmed"
"SKT","2026-07","4897147691323","125","Cosmed"
"SKT","2026-07","4897147691330","42","Cosmed"
"SKT","2026-07","7554411565328","42","Cosmed"
"SKT","2026-07","7554411566554","313","Cosmed"
"SKT","2026-07","7554411568398","40","Cosmed"
"SKT","2026-07","7554411568916","48","Cosmed"
"SKT","2026-07","7554411569524","56","Cosmed"
"SKT","2026-07","810114870044","103","Cosmed"
"SKT","2026-07","810114870136","71","Cosmed"
"SKT","2026-07","810114870143","30","Cosmed"
"SKT","2026-07","810114870327","127","Cosmed"
"SKT","2026-07","810114870341","174","Cosmed"
"SKT","2026-07","810114870716","73","Cosmed"
"SKT","2026-07","810114871157","78","Cosmed"
"SKT","2026-07","810114871195","47","Cosmed"
"SKT","2026-07","810114871201","19","Cosmed"
"SKT","2026-07","810114871409","24","Cosmed"
"SKT","2026-07","810114871423","74","Cosmed"
"SKT","2026-07","810114871478","38","Cosmed"
"SKT","2026-07","810114871515","41","Cosmed"
"SKT","2026-07","810114871522","32","Cosmed"
"SKT","2026-07","810114871539","32","Cosmed"
"SKT","2026-07","810114871546","35","Cosmed"
"SKT","2026-07","810114871553","21","Cosmed"
"SKT","2026-07","810114871560","25","Cosmed"
"SKT","2026-07","810114871577","32","Cosmed"
"SKT","2026-07","810114871775","51","Cosmed"
"SKT","2026-07","810114871867","94","Cosmed"
"SKT","2026-07","810114872239","42","Cosmed"
"SKT","2026-07","810114872246","23","Cosmed"
"SKT","2026-07","810114872253","56","Cosmed"
"SKT","2026-07","810114872260","29","Cosmed"
"SKT","2026-07","810114872277","47","Cosmed"
"SKT","2026-07","810114872284","35","Cosmed"
"SKT","2026-07","810114872512","7","Cosmed"
"SKT","2026-07","810114872529","7","Cosmed"
"SKT","2026-07","810114872536","5","Cosmed"
"SKT","2026-07","810114872833","100","Cosmed"
"SKT","2026-07","810114874042","98","Cosmed"
"SKT","2026-07","810114874448","40","Cosmed"
"SKT","2026-07","810114874530","22","Cosmed"
"SKT","2026-07","810114874677","11","Cosmed"
"SKT","2026-07","810114874684","22","Cosmed"
"SKT","2026-07","810114874691","18","Cosmed"
"SKT","2026-07","810114874707","13","Cosmed"
"SKT","2026-07","810114874745","21","Cosmed"
"SKT","2026-07","8101148747528","189","Cosmed"
"SKT","2026-07","PDRN組 (s351+s347)","1","momo"
"SKT","2026-07","SKINTIFIC 377亮白肌膚面霜30g","65144","POYA"
"SKT","2026-07","SKINTIFIC 5X戶外防曬噴霧250ml","111657","POYA"
"SKT","2026-07","SKINTIFIC 5X神經醯胺保濕霜30g","7559","Matsumoto"
"SKT","2026-07","SKINTIFIC 5X神經醯胺保濕霜30g","569107","POYA"
"SKT","2026-07","SKINTIFIC 5X神經醯胺保濕霜7g","0","711"
"SKT","2026-07","SKINTIFIC 5X神經醯胺防曬霜7g","0","711"
"SKT","2026-07","SKINTIFIC 5X神經醯胺洗面乳120 ml","1434","Matsumoto"
"SKT","2026-07","SKINTIFIC 5X神經醯胺洗面乳120ml","71016","POYA"
"SKT","2026-07","SKINTIFIC 5X神經醯胺修復精華20ml","2242","Matsumoto"
"SKT","2026-07","SKINTIFIC 5X神經醯胺修復精華20ml","66908","POYA"
"SKT","2026-07","SKINTIFIC 5X神經醯胺修復水80ml","1258","Matsumoto"
"SKT","2026-07","SKINTIFIC 5X神經醯胺修復水80ml","36900","POYA"
"SKT","2026-07","SKINTIFIC PDRN光感亮膚精華噴霧","21103","POYA"
"SKT","2026-07","SKINTIFIC PDRN亮白柔嫩保濕精華 20ml","262964","POYA"
"SKT","2026-07","SKINTIFIC PDRN亮白柔嫩保濕霜 20ml","2093","Matsumoto"
"SKT","2026-07","SKINTIFIC PDRN亮白柔嫩保濕霜30g","258681","POYA"
"SKT","2026-07","SKINTIFIC VC亮白保濕霜 30g","7542","POYA"
"SKT","2026-07","SKINTIFIC 神經醯胺保濕霜30g-清爽型","5456","Matsumoto"
"SKT","2026-07","SKINTIFIC-01","16","Watsons"
"SKT","2026-07","SKINTIFIC-04","142","Watsons"
"SKT","2026-07","SKINTIFIC-05","18","momo"
"SKT","2026-07","SKINTIFIC-05","1103","Watsons"
"SKT","2026-07","SKINTIFIC-05 (2入)","16","momo"
"SKT","2026-07","SKINTIFIC-08","3","momo"
"SKT","2026-07","SKINTIFIC-08","29","Watsons"
"SKT","2026-07","SKINTIFIC-09","1","momo"
"SKT","2026-07","SKINTIFIC-09","34","Watsons"
"SKT","2026-07","SKINTIFIC-105","14","Watsons"
"SKT","2026-07","SKINTIFIC-114","1","momo"
"SKT","2026-07","SKINTIFIC-12","4","momo"
"SKT","2026-07","SKINTIFIC-12","165","Watsons"
"SKT","2026-07","SKINTIFIC-122","2","momo"
"SKT","2026-07","SKINTIFIC-122","42","Watsons"
"SKT","2026-07","SKINTIFIC-123","46","Watsons"
"SKT","2026-07","SKINTIFIC-1234","58","Watsons"
"SKT","2026-07","SKINTIFIC-1236","48","Watsons"
"SKT","2026-07","SKINTIFIC-123唇部系列","14","momo"
"SKT","2026-07","SKINTIFIC-129","4","momo"
"SKT","2026-07","SKINTIFIC-13","13","momo"
"SKT","2026-07","SKINTIFIC-13","191","Watsons"
"SKT","2026-07","SKINTIFIC-1340","28","Watsons"
"SKT","2026-07","SKINTIFIC-1340N","136","Watsons"
"SKT","2026-07","SKINTIFIC-1340W","85","Watsons"
"SKT","2026-07","SKINTIFIC-1341","39","Watsons"
"SKT","2026-07","SKINTIFIC-1341N","116","Watsons"
"SKT","2026-07","SKINTIFIC-1341W","55","Watsons"
"SKT","2026-07","SKINTIFIC-1342","34","Watsons"
"SKT","2026-07","SKINTIFIC-1342N","102","Watsons"
"SKT","2026-07","SKINTIFIC-1342W","61","Watsons"
"SKT","2026-07","SKINTIFIC-1343","22","Watsons"
"SKT","2026-07","SKINTIFIC-1343N","14","Watsons"
"SKT","2026-07","SKINTIFIC-1343W","10","Watsons"
"SKT","2026-07","SKINTIFIC-134系列(含NW)","56","momo"
"SKT","2026-07","SKINTIFIC-147","6","momo"
"SKT","2026-07","SKINTIFIC-147","331","Watsons"
"SKT","2026-07","SKINTIFIC-157","216","Watsons"
"SKT","2026-07","SKINTIFIC-161","11","momo"
"SKT","2026-07","SKINTIFIC-161","41","Watsons"
"SKT","2026-07","SKINTIFIC-17","2","momo"
"SKT","2026-07","SKINTIFIC-17","119","Watsons"
"SKT","2026-07","SKINTIFIC-170","7","momo"
"SKT","2026-07","SKINTIFIC-170","281","Watsons"
"SKT","2026-07","SKINTIFIC-170 (2入)","6","momo"
"SKT","2026-07","SKINTIFIC-17100N","45","Watsons"
"SKT","2026-07","SKINTIFIC-17101N","35","Watsons"
"SKT","2026-07","SKINTIFIC-17101W","27","Watsons"
"SKT","2026-07","SKINTIFIC-17102N","30","Watsons"
"SKT","2026-07","SKINTIFIC-17102W","1","Watsons"
"SKT","2026-07","SKINTIFIC-1710NW系列","18","momo"
"SKT","2026-07","SKINTIFIC-18","77","Watsons"
"SKT","2026-07","SKINTIFIC-180","64","Watsons"
"SKT","2026-07","SKINTIFIC-183","69","Watsons"
"SKT","2026-07","SKINTIFIC-191","4","momo"
"SKT","2026-07","SKINTIFIC-191","137","Watsons"
"SKT","2026-07","SKINTIFIC-195","2","momo"
"SKT","2026-07","SKINTIFIC-195","92","Watsons"
"SKT","2026-07","SKINTIFIC-20","1","momo"
"SKT","2026-07","SKINTIFIC-20","133","Watsons"
"SKT","2026-07","SKINTIFIC-201","3","momo"
"SKT","2026-07","SKINTIFIC-201","100","Watsons"
"SKT","2026-07","SKINTIFIC-209","58","Watsons"
"SKT","2026-07","SKINTIFIC-21","2","momo"
"SKT","2026-07","SKINTIFIC-21","220","Watsons"
"SKT","2026-07","SKINTIFIC-210","54","Watsons"
"SKT","2026-07","SKINTIFIC-212","15","momo"
"SKT","2026-07","SKINTIFIC-212","106","Watsons"
"SKT","2026-07","SKINTIFIC-212 (3入)","1","momo"
"SKT","2026-07","SKINTIFIC-225","2","momo"
"SKT","2026-07","SKINTIFIC-225","70","Watsons"
"SKT","2026-07","SKINTIFIC-227","5","momo"
"SKT","2026-07","SKINTIFIC-227","281","Watsons"
"SKT","2026-07","SKINTIFIC-23","1","momo"
"SKT","2026-07","SKINTIFIC-2461","20","Watsons"
"SKT","2026-07","SKINTIFIC-2462","17","Watsons"
"SKT","2026-07","SKINTIFIC-2463","9","Watsons"
"SKT","2026-07","SKINTIFIC-2463A","10","Watsons"
"SKT","2026-07","SKINTIFIC-246蜜粉系列","7","momo"
"SKT","2026-07","SKINTIFIC-2490N","38","Watsons"
"SKT","2026-07","SKINTIFIC-2490W","29","Watsons"
"SKT","2026-07","SKINTIFIC-2491N","54","Watsons"
"SKT","2026-07","SKINTIFIC-2491W","19","Watsons"
"SKT","2026-07","SKINTIFIC-2492N","17","Watsons"
"SKT","2026-07","SKINTIFIC-2492W","28","Watsons"
"SKT","2026-07","SKINTIFIC-249NW系列","5","momo"
"SKT","2026-07","SKINTIFIC-249NW系列 (2入)","1","momo"
"SKT","2026-07","SKINTIFIC-260N","115","Watsons"
"SKT","2026-07","SKINTIFIC-260W","82","Watsons"
"SKT","2026-07","SKINTIFIC-261","66","Watsons"
"SKT","2026-07","SKINTIFIC-261N","104","Watsons"
"SKT","2026-07","SKINTIFIC-261W","59","Watsons"
"SKT","2026-07","SKINTIFIC-262","53","Watsons"
"SKT","2026-07","SKINTIFIC-262N","79","Watsons"
"SKT","2026-07","SKINTIFIC-262W","61","Watsons"
"SKT","2026-07","SKINTIFIC-263","57","Watsons"
"SKT","2026-07","SKINTIFIC-269","3","momo"
"SKT","2026-07","SKINTIFIC-269","149","Watsons"
"SKT","2026-07","SKINTIFIC-26系列(含NW)","39","momo"
"SKT","2026-07","SKINTIFIC-271","7","Watsons"
"SKT","2026-07","SKINTIFIC-272","9","Watsons"
"SKT","2026-07","SKINTIFIC-273","7","Watsons"
"SKT","2026-07","SKINTIFIC-27系列(金氣墊補充)","2","momo"
"SKT","2026-07","SKINTIFIC-295","14","Watsons"
"SKT","2026-07","SKINTIFIC-296","11","momo"
"SKT","2026-07","SKINTIFIC-296","175","Watsons"
"SKT","2026-07","SKINTIFIC-298","12","momo"
"SKT","2026-07","SKINTIFIC-298","486","Watsons"
"SKT","2026-07","SKINTIFIC-298 (2入)","4","momo"
"SKT","2026-07","SKINTIFIC-30","54","Watsons"
"SKT","2026-07","SKINTIFIC-305","11","momo"
"SKT","2026-07","SKINTIFIC-305","90","Watsons"
"SKT","2026-07","SKINTIFIC-31","26","Watsons"
"SKT","2026-07","SKINTIFIC-31001","8","momo"
"SKT","2026-07","SKINTIFIC-3260N","206","Watsons"
"SKT","2026-07","SKINTIFIC-3260W","109","Watsons"
"SKT","2026-07","SKINTIFIC-3261N","219","Watsons"
"SKT","2026-07","SKINTIFIC-3261W","108","Watsons"
"SKT","2026-07","SKINTIFIC-3262N","104","Watsons"
"SKT","2026-07","SKINTIFIC-3262W","95","Watsons"
"SKT","2026-07","SKINTIFIC-326NW系列","94","momo"
"SKT","2026-07","SKINTIFIC-340","1","momo"
"SKT","2026-07","SKINTIFIC-340","141","Watsons"
"SKT","2026-07","SKINTIFIC-347","1","momo"
"SKT","2026-07","SKINTIFIC-347","261","Watsons"
"SKT","2026-07","SKINTIFIC-351","11","momo"
"SKT","2026-07","SKINTIFIC-351","567","Watsons"
"SKT","2026-07","SKINTIFIC377亮白肌膚面霜30g","858","Matsumoto"
"SKT","2026-07","SKINTIFIC-388","87","Watsons"
"SKT","2026-07","SKINTIFIC-39","2","momo"
"SKT","2026-07","SKINTIFIC-39","175","Watsons"
"SKT","2026-07","SKINTIFIC-40600","44","Watsons"
"SKT","2026-07","SKINTIFIC-44","16","Watsons"
"SKT","2026-07","SKINTIFIC-463001W","70","Watsons"
"SKT","2026-07","SKINTIFIC-56","108","Watsons"
"SKT","2026-07","SKINTIFIC-57","25","Watsons"
"SKT","2026-07","SKINTIFIC-64","14","momo"
"SKT","2026-07","SKINTIFIC-64","197","Watsons"
"SKT","2026-07","SKINTIFIC-64 (3入)","3","momo"
"SKT","2026-07","SKINTIFIC-65","6","momo"
"SKT","2026-07","SKINTIFIC-65","510","Watsons"
"SKT","2026-07","SKINTIFIC-77","6","momo"
"SKT","2026-07","SKINTIFIC-77","714","Watsons"
"SKT","2026-07","SKINTIFIC-79","115","Watsons"
"SKT","2026-07","SKINTIFIC-86","2","momo"
"SKT","2026-07","SKINTIFIC-86","9","Watsons"
"SKT","2026-07","SKINTIFIC-90","8","Watsons"
"SKT","2026-07","SKINTIFIC-92","57","Watsons"
"SKT","2026-07","SKINTIFIC艾草固體泥膜棒40g","2878","Matsumoto"
"SKT","2026-07","SKINTIFIC泛醇深層潔膚凝露","289","Matsumoto"
"SKT","2026-07","SKINTIFIC泛醇深層潔膚凝露120ml","11803","POYA"
"SKT","2026-07","SKINTIFIC固體泥膜棒40g-艾草","73975","POYA"
"SKT","2026-07","SKINTIFIC固體泥膜棒40g-亮白","19637","POYA"
"SKT","2026-07","SKINTIFIC戶外防曬噴霧250ml","1167","Matsumoto"
"SKT","2026-07","SKINTIFIC積雪草深層卸妝油200ml","1395","Matsumoto"
"SKT","2026-07","SKINTIFIC積雪草深層卸妝油200ml","31395","POYA"
"SKT","2026-07","SKINTIFIC亮白固體泥膜棒 40g","867","Matsumoto"
"SKT","2026-07","SKINTIFIC亮白肌膚精華20ml","399","Matsumoto"
"SKT","2026-07","SKINTIFIC亮白肌膚精華20ml","22001","POYA"
"SKT","2026-07","SKINTIFIC亮白面霜30g","1716","Matsumoto"
"SKT","2026-07","SKINTIFIC亮采潤澤唇部精華","339","Matsumoto"
"SKT","2026-07","SKINTIFIC亮采潤澤唇部精華6.5ml","14760","POYA"
"SKT","2026-07","SKINTIFIC亮采潤澤唇部精華6.5ml莓果粉","12915","POYA"
"SKT","2026-07","SKINTIFIC亮采潤澤唇部精華6.5ml櫻桃紅","9594","POYA"
"SKT","2026-07","SKINTIFIC亮膚精華噴霧100ml","4255","Matsumoto"
"SKT","2026-07","SKINTIFIC亮膚精華噴霧100ml","125720","POYA"
"SKT","2026-07","SKINTIFIC柔嫩亮澤霜 30g","339","Matsumoto"
"SKT","2026-07","SKINTIFIC柔嫩亮澤霜30g","85580","POYA"
"SKT","2026-07","SKINTIFIC柔霧控油氣墊11g-00N","46116","POYA"
"SKT","2026-07","SKINTIFIC柔霧控油氣墊11g-00W","26901","POYA"
"SKT","2026-07","SKINTIFIC柔霧控油氣墊11g-01N","66429","POYA"
"SKT","2026-07","SKINTIFIC柔霧控油氣墊11g-01W","28548","POYA"
"SKT","2026-07","SKINTIFIC柔霧控油氣墊11g-02N","59841","POYA"
"SKT","2026-07","SKINTIFIC柔霧控油氣墊11g-02W","40626","POYA"
"SKT","2026-07","SKINTIFIC柔霧濾鏡潤色霜00N","641","Matsumoto"
"SKT","2026-07","SKINTIFIC柔霧濾鏡潤色霜01N","1667","Matsumoto"
"SKT","2026-07","SKINTIFIC柔霧濾鏡潤色霜01W","1597","Matsumoto"
"SKT","2026-07","SKINTIFIC柔霧濾鏡潤色霜02N","987","Matsumoto"
"SKT","2026-07","SKINTIFIC柔霧濾鏡潤色霜28g-00N","98571","POYA"
"SKT","2026-07","SKINTIFIC柔霧濾鏡潤色霜28g-01N","99209","POYA"
"SKT","2026-07","SKINTIFIC柔霧濾鏡潤色霜28g-01W","68585","POYA"
"SKT","2026-07","SKINTIFIC柔霧濾鏡潤色霜28g-02N","86449","POYA"
"SKT","2026-07","SKINTIFIC三重酸淨痘控油保濕凝膠30g","95113","POYA"
"SKT","2026-07","SKINTIFIC三重酸淨膚調理凝膠11g","42159","POYA"
"SKT","2026-07","SKINTIFIC神經醯胺保濕霜30g-清爽型","148969","POYA"
"SKT","2026-07","SKINTIFIC視黃醇精華液20ml","19639","POYA"
"SKT","2026-07","SKINTIFIC視黃醇面霜30g","858","Matsumoto"
"SKT","2026-07","SKINTIFIC視黃醇面霜30g","26824","POYA"
"SKT","2026-07","SKINTIFIC水晶防曬噴霧70ml SPF5","418","Matsumoto"
"SKT","2026-07","SKINTIFIC水晶防曬噴霧SPF50 70ml","80811","POYA"
"SKT","2026-07","SKINTIFIC水楊酸淨痘潔面乳120ml","88722","POYA"
"SKT","2026-07","SKINTIFIC維他命C亮白精華","922","Matsumoto"
"SKT","2026-07","SKINTIFIC維他命C亮白精華1g+9g","21250","POYA"
"SKT","2026-07","SKINTIFIC無瑕氣墊粉底11g-暖調香草01W","46116","POYA"
"SKT","2026-07","SKINTIFIC無瑕氣墊粉底11g-中性香草01N","104859","POYA"
"SKT","2026-07","SKINTIFIC無瑕氣墊粉底液01N中性調香草白-11g","6487","Matsumoto"
"SKT","2026-07","SKINTIFIC無瑕氣墊粉底液01W暖調香草白-11g","458","Matsumoto"
"SKT","2026-07","SKINTIFIC無瑕氣墊粉底液02W暖調象牙白-11g","998","Matsumoto"
"SKT","2026-07","SKINTIFIC無瑕氣墊粉底液11g-暖象牙02W","36234","POYA"
"SKT","2026-07","SKINTIFIC無瑕氣墊粉底液11g-象牙白02N","50508","POYA"
"SKT","2026-07","SKINTIFIC無瑕水光粉氣墊 00N自然瓷白色","1497","Matsumoto"
"SKT","2026-07","SKINTIFIC無瑕水光粉氣墊 00W暖調瓷白色","1497","Matsumoto"
"SKT","2026-07","SKINTIFIC無瑕水光粉氣墊 01N自然香草色","3379","Matsumoto"
"SKT","2026-07","SKINTIFIC無瑕水光粉氣墊 01W暖調香草色","499","Matsumoto"
"SKT","2026-07","SKINTIFIC無瑕水光粉氣墊 02N自然象牙色","1497","Matsumoto"
"SKT","2026-07","SKINTIFIC無瑕水光粉氣墊 02W暖調象牙色","998","Matsumoto"
"SKT","2026-07","SKINTIFIC無瑕水光氣墊11g-暖調瓷白00W","61876","POYA"
"SKT","2026-07","SKINTIFIC無瑕水光氣墊11g-暖調香草01W","156187","POYA"
"SKT","2026-07","SKINTIFIC無瑕水光氣墊11g-暖調象牙02W","36427","POYA"
"SKT","2026-07","SKINTIFIC無瑕水光氣墊11g-自然瓷白00N","238023","POYA"
"SKT","2026-07","SKINTIFIC無瑕水光氣墊11g-自然香草01N","291915","POYA"
"SKT","2026-07","SKINTIFIC無瑕水光氣墊11g-自然象牙02N","182634","POYA"
"SKT","2026-07","SKINTIFIC無暇氣墊粉底11g-暖調瓷白00W","45018","POYA"
"SKT","2026-07","SKINTIFIC無暇氣墊粉底11g-中性瓷白00N","85095","POYA"
"SKT","2026-07","SKINTIFIC無暇氣墊粉底液00N中性調瓷白 11g","1940","Matsumoto"
"SKT","2026-07","SKINTIFIC無暇氣墊粉底液00W暖調瓷白11g","499","Matsumoto"
"SKT","2026-07","SKINTIFIC啞光定妝噴霧 80ml","3725","Matsumoto"
"SKT","2026-07","SKINTIFIC啞光定妝噴霧80ml","141435","POYA"
"SKT","2026-07","SKINTIFIC啞光防曬霜30g","657","Matsumoto"
"SKT","2026-07","SKINTIFIC啞光防曬霜SPF50 30g","74241","POYA"
"SKT","2026-07","SKINTIFIC啞光氣墊00N","1915","Matsumoto"
"SKT","2026-07","SKINTIFIC啞光氣墊00W","1395","Matsumoto"
"SKT","2026-07","SKINTIFIC啞光氣墊01N","2957","Matsumoto"
"SKT","2026-07","SKINTIFIC啞光氣墊01W","2423","Matsumoto"
"SKT","2026-07","SKINTIFIC啞光氣墊02N","1996","Matsumoto"
"SKT","2026-07","SKINTIFIC啞光氣墊02W","1389","Matsumoto"
"SKT","2026-07","SKINTIFIC菸醯胺亮白精華20ml","1596","Matsumoto"
"SKT","2026-07","SKINTIFIC菸醯胺亮白精華20ml","29634","POYA"
"SKT","2026-07","SKINTIFIC菸醯胺亮白精華水80ml","339","Matsumoto"
"SKT","2026-07","SKINTIFIC菸醯胺亮白精華水80ml","10332","POYA"
"SKT","2026-07","SKINTIFIC菸醯胺亮白面霜30g","72329","POYA"
"SKT","2026-07","SKINTIFIC菸醯胺亮白洗面乳120ml","837","Matsumoto"
"SKT","2026-07","SKINTIFIC菸醯胺亮白洗面乳120ml","25415","POYA"
"SKT","2026-07","SKINTIFIC滋潤防曬霜30ml","657","Matsumoto"
"SKT","2026-07","SKINTIFIC滋潤防曬霜SPF50 30ml","51684","POYA"
"SKT","2026-07","泥膜棒組(S77+S65+S147)","3","momo"
"SKT","2026-07","視黃醇保養組 (s180+s183)","1","momo"
"SKT","2026-07","未對照-300981","1","Watsons"
"SKT","2026-07","未對照-308131","1","Watsons"
"SKT","2026-07","未對照-311913","1","Watsons"
"SKT","2026-07","修復套組 (s05+s13)","6","momo"
"TP","2025-09","TCC102001","63","Watsons"
"TP","2025-09","TCC102007","669","Watsons"
"TP","2025-09","TCC102008","287","Watsons"
"TP","2025-09","TCC102010","53","Watsons"
"TP","2025-09","TCC102011","831","Watsons"
"TP","2025-09","TCC102012","45","Watsons"
"TP","2025-09","TCC102401","32","Watsons"
"TP","2025-09","TCC102402","55","Watsons"
"TP","2025-09","TCC102403","38","Watsons"
"TP","2025-09","TCC102404","30","Watsons"
"TP","2025-09","TCC104001","144","Watsons"
"TP","2025-09","TCC104003","54","Watsons"
"TP","2025-09","TCC104005","17","Watsons"
"TP","2025-09","TCC104008","4","Watsons"
"TP","2025-09","TCC104042","2","Watsons"
"TP","2025-09","TCC104043","4","Watsons"
"TP","2025-09","TCC104044","4","Watsons"
"TP","2025-09","TCC123001","46","Watsons"
"TP","2025-09","TCC123002","75","Watsons"
"TP","2025-09","TCC123003","13","Watsons"
"TP","2025-09","TCC123004","1","Watsons"
"TP","2025-09","TDW106000","1","Watsons"
"TP","2025-09","TGG107001","3","Watsons"
"TP","2025-09","TGG107002","1","Watsons"
"TP","2025-09","TSH119002","2","Watsons"
"TP","2025-09","TSH119003","2","Watsons"
"TP","2025-09","TSH119005","1","Watsons"
"TP","2025-09","TYX109001","3","Watsons"
"TP","2025-09","TYX109002","2","Watsons"
"TP","2025-09","未對照-311995","2","Watsons"
"TP","2025-10","TCC102001","220","Watsons"
"TP","2025-10","TCC102006","12","Watsons"
"TP","2025-10","TCC102007","1965","Watsons"
"TP","2025-10","TCC102008","701","Watsons"
"TP","2025-10","TCC102009","11","Watsons"
"TP","2025-10","TCC102010","178","Watsons"
"TP","2025-10","TCC102011","1608","Watsons"
"TP","2025-10","TCC102012","177","Watsons"
"TP","2025-10","TCC102401","130","Watsons"
"TP","2025-10","TCC102402","230","Watsons"
"TP","2025-10","TCC102403","81","Watsons"
"TP","2025-10","TCC102404","46","Watsons"
"TP","2025-10","TCC104001","241","Watsons"
"TP","2025-10","TCC104003","119","Watsons"
"TP","2025-10","TCC104005","74","Watsons"
"TP","2025-10","TCC104008","89","Watsons"
"TP","2025-10","TCC104009","1","Watsons"
"TP","2025-10","TCC104041","3","Watsons"
"TP","2025-10","TCC104042","53","Watsons"
"TP","2025-10","TCC104043","27","Watsons"
"TP","2025-10","TCC104044","54","Watsons"
"TP","2025-10","TCC123001","147","Watsons"
"TP","2025-10","TCC123002","146","Watsons"
"TP","2025-10","TCC123003","31","Watsons"
"TP","2025-10","TCC123004","2","Watsons"
"TP","2025-10","TCC123005","3","Watsons"
"TP","2025-10","TDW106000","6","Watsons"
"TP","2025-10","TGG107001","5","Watsons"
"TP","2025-10","TGG107002","5","Watsons"
"TP","2025-10","TSH119002","7","Watsons"
"TP","2025-10","TSH119003","7","Watsons"
"TP","2025-10","TSH119005","5","Watsons"
"TP","2025-10","TYX109001","6","Watsons"
"TP","2025-10","未對照-311995","5","Watsons"
"TP","2025-10","未對照-312004","1","Watsons"
"TP","2025-11","TCC102001","375","Watsons"
"TP","2025-11","TCC102006","115","Watsons"
"TP","2025-11","TCC102007","1762","Watsons"
"TP","2025-11","TCC102008","704","Watsons"
"TP","2025-11","TCC102009","120","Watsons"
"TP","2025-11","TCC102010","314","Watsons"
"TP","2025-11","TCC102011","1363","Watsons"
"TP","2025-11","TCC102012","305","Watsons"
"TP","2025-11","TCC102016","11","Watsons"
"TP","2025-11","TCC102017","14","Watsons"
"TP","2025-11","TCC102018","21","Watsons"
"TP","2025-11","TCC102401","276","Watsons"
"TP","2025-11","TCC102402","413","Watsons"
"TP","2025-11","TCC102403","117","Watsons"
"TP","2025-11","TCC102404","49","Watsons"
"TP","2025-11","TCC104001","222","Watsons"
"TP","2025-11","TCC104003","92","Watsons"
"TP","2025-11","TCC104005","123","Watsons"
"TP","2025-11","TCC104007","1","Watsons"
"TP","2025-11","TCC104008","175","Watsons"
"TP","2025-11","TCC104009","4","Watsons"
"TP","2025-11","TCC104012","2","Watsons"
"TP","2025-11","TCC104041","13","Watsons"
"TP","2025-11","TCC104042","103","Watsons"
"TP","2025-11","TCC104043","87","Watsons"
"TP","2025-11","TCC104044","165","Watsons"
"TP","2025-11","TCC123001","96","Watsons"
"TP","2025-11","TCC123002","97","Watsons"
"TP","2025-11","TCC123003","27","Watsons"
"TP","2025-11","TCC123004","6","Watsons"
"TP","2025-11","TCC123005","3","Watsons"
"TP","2025-11","TDW106000","11","Watsons"
"TP","2025-11","TGG107001","4","Watsons"
"TP","2025-11","TGG107002","6","Watsons"
"TP","2025-11","TGG107003","2","Watsons"
"TP","2025-11","TSH119002","6","Watsons"
"TP","2025-11","TSH119003","9","Watsons"
"TP","2025-11","TSH119005","2","Watsons"
"TP","2025-11","TYX109001","8","Watsons"
"TP","2025-11","TYX109002","5","Watsons"
"TP","2025-11","未對照-311995","1","Watsons"
"TP","2025-12","TCC102001","351","Watsons"
"TP","2025-12","TCC102006","596","Watsons"
"TP","2025-12","TCC102007","1544","Watsons"
"TP","2025-12","TCC102008","615","Watsons"
"TP","2025-12","TCC102009","611","Watsons"
"TP","2025-12","TCC102010","267","Watsons"
"TP","2025-12","TCC102011","1466","Watsons"
"TP","2025-12","TCC102012","247","Watsons"
"TP","2025-12","TCC102013","1","Watsons"
"TP","2025-12","TCC102014","1","Watsons"
"TP","2025-12","TCC102015","1","Watsons"
"TP","2025-12","TCC102016","218","Watsons"
"TP","2025-12","TCC102017","212","Watsons"
"TP","2025-12","TCC102018","176","Watsons"
"TP","2025-12","TCC102401","263","Watsons"
"TP","2025-12","TCC102402","409","Watsons"
"TP","2025-12","TCC102403","64","Watsons"
"TP","2025-12","TCC102404","46","Watsons"
"TP","2025-12","TCC104001","169","Watsons"
"TP","2025-12","TCC104002","5","Watsons"
"TP","2025-12","TCC104003","67","Watsons"
"TP","2025-12","TCC104005","116","Watsons"
"TP","2025-12","TCC104007","4","Watsons"
"TP","2025-12","TCC104008","186","Watsons"
"TP","2025-12","TCC104009","8","Watsons"
"TP","2025-12","TCC104012","18","Watsons"
"TP","2025-12","TCC104041","12","Watsons"
"TP","2025-12","TCC104042","132","Watsons"
"TP","2025-12","TCC104043","62","Watsons"
"TP","2025-12","TCC104044","139","Watsons"
"TP","2025-12","TCC123001","95","Watsons"
"TP","2025-12","TCC123002","114","Watsons"
"TP","2025-12","TCC123003","19","Watsons"
"TP","2025-12","TCC123004","10","Watsons"
"TP","2025-12","TCC123005","3","Watsons"
"TP","2025-12","TCP133001","6","Watsons"
"TP","2025-12","TCP133004","7","Watsons"
"TP","2025-12","TCP133006","4","Watsons"
"TP","2025-12","TCP133008","3","Watsons"
"TP","2025-12","TCP133009","11","Watsons"
"TP","2025-12","TCP133011","5","Watsons"
"TP","2025-12","TCP133013","1","Watsons"
"TP","2025-12","TDW106000","11","Watsons"
"TP","2025-12","TGG107001","12","Watsons"
"TP","2025-12","TGG107002","6","Watsons"
"TP","2025-12","TGG107003","4","Watsons"
"TP","2025-12","TSH119002","13","Watsons"
"TP","2025-12","TSH119003","9","Watsons"
"TP","2025-12","TSH119005","7","Watsons"
"TP","2025-12","TYX109001","32","Watsons"
"TP","2025-12","TYX109002","20","Watsons"
"TP","2025-12","未對照-311995","-1","Watsons"
"TP","2026-01","TCC102001","200","Watsons"
"TP","2026-01","TCC102006","423","Watsons"
"TP","2026-01","TCC102007","876","Watsons"
"TP","2026-01","TCC102008","322","Watsons"
"TP","2026-01","TCC102009","326","Watsons"
"TP","2026-01","TCC102010","136","Watsons"
"TP","2026-01","TCC102011","750","Watsons"
"TP","2026-01","TCC102012","171","Watsons"
"TP","2026-01","TCC102014","2","Watsons"
"TP","2026-01","TCC102015","2","Watsons"
"TP","2026-01","TCC102016","181","Watsons"
"TP","2026-01","TCC102017","171","Watsons"
"TP","2026-01","TCC102018","126","Watsons"
"TP","2026-01","TCC102401","176","Watsons"
"TP","2026-01","TCC102402","261","Watsons"
"TP","2026-01","TCC102403","53","Watsons"
"TP","2026-01","TCC102404","21","Watsons"
"TP","2026-01","TCC104001","91","Watsons"
"TP","2026-01","TCC104002","4","Watsons"
"TP","2026-01","TCC104003","41","Watsons"
"TP","2026-01","TCC104005","46","Watsons"
"TP","2026-01","TCC104007","5","Watsons"
"TP","2026-01","TCC104008","103","Watsons"
"TP","2026-01","TCC104009","6","Watsons"
"TP","2026-01","TCC104012","4","Watsons"
"TP","2026-01","TCC104041","12","Watsons"
"TP","2026-01","TCC104042","70","Watsons"
"TP","2026-01","TCC104043","45","Watsons"
"TP","2026-01","TCC104044","65","Watsons"
"TP","2026-01","TCC108001","2","Watsons"
"TP","2026-01","TCC108002","6","Watsons"
"TP","2026-01","TCC108005","10","Watsons"
"TP","2026-01","TCC108007","5","Watsons"
"TP","2026-01","TCC108010","10","Watsons"
"TP","2026-01","TCC108012","10","Watsons"
"TP","2026-01","TCC123001","52","Watsons"
"TP","2026-01","TCC123002","79","Watsons"
"TP","2026-01","TCC123003","13","Watsons"
"TP","2026-01","TCC123004","5","Watsons"
"TP","2026-01","TCC123005","3","Watsons"
"TP","2026-01","TCC138001","4","Watsons"
"TP","2026-01","TCC138002","12","Watsons"
"TP","2026-01","TCC138003","9","Watsons"
"TP","2026-01","TCC138004","12","Watsons"
"TP","2026-01","TCC138005","9","Watsons"
"TP","2026-01","TCC138007","10","Watsons"
"TP","2026-01","TCC138008","1","Watsons"
"TP","2026-01","TCC138009","3","Watsons"
"TP","2026-01","TCP133001","97","Watsons"
"TP","2026-01","TCP133004","120","Watsons"
"TP","2026-01","TCP133005","26","Watsons"
"TP","2026-01","TCP133006","107","Watsons"
"TP","2026-01","TCP133008","78","Watsons"
"TP","2026-01","TCP133009","157","Watsons"
"TP","2026-01","TCP133011","98","Watsons"
"TP","2026-01","TCP133013","69","Watsons"
"TP","2026-01","TDW106000","13","Watsons"
"TP","2026-01","TGG107001","10","Watsons"
"TP","2026-01","TGG107002","8","Watsons"
"TP","2026-01","TGG107003","1","Watsons"
"TP","2026-01","TSH119002","13","Watsons"
"TP","2026-01","TSH119003","16","Watsons"
"TP","2026-01","TSH119005","3","Watsons"
"TP","2026-01","TYX109001","21","Watsons"
"TP","2026-01","TYX109002","11","Watsons"
"TP","2026-02","TCC102001","235","Watsons"
"TP","2026-02","TCC102006","530","Watsons"
"TP","2026-02","TCC102007","846","Watsons"
"TP","2026-02","TCC102008","340","Watsons"
"TP","2026-02","TCC102009","406","Watsons"
"TP","2026-02","TCC102010","143","Watsons"
"TP","2026-02","TCC102011","747","Watsons"
"TP","2026-02","TCC102012","206","Watsons"
"TP","2026-02","TCC102013","0","Watsons"
"TP","2026-02","TCC102016","147","Watsons"
"TP","2026-02","TCC102017","186","Watsons"
"TP","2026-02","TCC102018","121","Watsons"
"TP","2026-02","TCC102401","272","Watsons"
"TP","2026-02","TCC102402","249","Watsons"
"TP","2026-02","TCC102403","36","Watsons"
"TP","2026-02","TCC102404","23","Watsons"
"TP","2026-02","TCC104001","94","Watsons"
"TP","2026-02","TCC104002","11","Watsons"
"TP","2026-02","TCC104003","38","Watsons"
"TP","2026-02","TCC104005","41","Watsons"
"TP","2026-02","TCC104007","8","Watsons"
"TP","2026-02","TCC104008","118","Watsons"
"TP","2026-02","TCC104009","14","Watsons"
"TP","2026-02","TCC104012","6","Watsons"
"TP","2026-02","TCC104041","13","Watsons"
"TP","2026-02","TCC104042","80","Watsons"
"TP","2026-02","TCC104043","83","Watsons"
"TP","2026-02","TCC104044","94","Watsons"
"TP","2026-02","TCC108001","35","Watsons"
"TP","2026-02","TCC108002","48","Watsons"
"TP","2026-02","TCC108005","53","Watsons"
"TP","2026-02","TCC108007","42","Watsons"
"TP","2026-02","TCC108010","46","Watsons"
"TP","2026-02","TCC108012","54","Watsons"
"TP","2026-02","TCC123001","29","Watsons"
"TP","2026-02","TCC123002","53","Watsons"
"TP","2026-02","TCC123003","17","Watsons"
"TP","2026-02","TCC123004","8","Watsons"
"TP","2026-02","TCC123005","8","Watsons"
"TP","2026-02","TCC138001","11","Watsons"
"TP","2026-02","TCC138002","49","Watsons"
"TP","2026-02","TCC138003","99","Watsons"
"TP","2026-02","TCC138004","45","Watsons"
"TP","2026-02","TCC138005","64","Watsons"
"TP","2026-02","TCC138007","102","Watsons"
"TP","2026-02","TCC138008","8","Watsons"
"TP","2026-02","TCC138009","6","Watsons"
"TP","2026-02","TCC140001","1","Watsons"
"TP","2026-02","TCP133001","583","Watsons"
"TP","2026-02","TCP133004","903","Watsons"
"TP","2026-02","TCP133005","187","Watsons"
"TP","2026-02","TCP133006","486","Watsons"
"TP","2026-02","TCP133008","270","Watsons"
"TP","2026-02","TCP133009","952","Watsons"
"TP","2026-02","TCP133011","486","Watsons"
"TP","2026-02","TCP133013","313","Watsons"
"TP","2026-02","TDW106000","23","Watsons"
"TP","2026-02","TGG107001","19","Watsons"
"TP","2026-02","TGG107002","11","Watsons"
"TP","2026-02","TGG107003","5","Watsons"
"TP","2026-02","TSH119002","16","Watsons"
"TP","2026-02","TSH119003","26","Watsons"
"TP","2026-02","TSH119005","12","Watsons"
"TP","2026-02","TYX109001","29","Watsons"
"TP","2026-02","TYX109002","21","Watsons"
"TP","2026-03","TCC102001","241","Watsons"
"TP","2026-03","TCC102006","501","Watsons"
"TP","2026-03","TCC102007","791","Watsons"
"TP","2026-03","TCC102008","306","Watsons"
"TP","2026-03","TCC102009","342","Watsons"
"TP","2026-03","TCC102010","124","Watsons"
"TP","2026-03","TCC102011","583","Watsons"
"TP","2026-03","TCC102012","175","Watsons"
"TP","2026-03","TCC102013","1","Watsons"
"TP","2026-03","TCC102014","4","Watsons"
"TP","2026-03","TCC102016","102","Watsons"
"TP","2026-03","TCC102017","130","Watsons"
"TP","2026-03","TCC102018","65","Watsons"
"TP","2026-03","TCC102401","268","Watsons"
"TP","2026-03","TCC102402","208","Watsons"
"TP","2026-03","TCC102403","35","Watsons"
"TP","2026-03","TCC102404","23","Watsons"
"TP","2026-03","TCC104001","63","Watsons"
"TP","2026-03","TCC104002","7","Watsons"
"TP","2026-03","TCC104003","33","Watsons"
"TP","2026-03","TCC104005","43","Watsons"
"TP","2026-03","TCC104007","10","Watsons"
"TP","2026-03","TCC104008","95","Watsons"
"TP","2026-03","TCC104009","7","Watsons"
"TP","2026-03","TCC104012","6","Watsons"
"TP","2026-03","TCC104041","13","Watsons"
"TP","2026-03","TCC104042","69","Watsons"
"TP","2026-03","TCC104043","63","Watsons"
"TP","2026-03","TCC104044","92","Watsons"
"TP","2026-03","TCC108001","152","Watsons"
"TP","2026-03","TCC108002","72","Watsons"
"TP","2026-03","TCC108005","133","Watsons"
"TP","2026-03","TCC108007","96","Watsons"
"TP","2026-03","TCC108010","62","Watsons"
"TP","2026-03","TCC108012","129","Watsons"
"TP","2026-03","TCC123001","32","Watsons"
"TP","2026-03","TCC123002","31","Watsons"
"TP","2026-03","TCC123003","9","Watsons"
"TP","2026-03","TCC123004","4","Watsons"
"TP","2026-03","TCC123005","3","Watsons"
"TP","2026-03","TCC138001","27","Watsons"
"TP","2026-03","TCC138002","155","Watsons"
"TP","2026-03","TCC138003","233","Watsons"
"TP","2026-03","TCC138004","133","Watsons"
"TP","2026-03","TCC138005","197","Watsons"
"TP","2026-03","TCC138007","593","Watsons"
"TP","2026-03","TCC138008","51","Watsons"
"TP","2026-03","TCC138009","26","Watsons"
"TP","2026-03","TCC140001","14","Watsons"
"TP","2026-03","TCC140002","10","Watsons"
"TP","2026-03","TCC140006","11","Watsons"
"TP","2026-03","TCC140007","14","Watsons"
"TP","2026-03","TCC140009","15","Watsons"
"TP","2026-03","TCC140012","8","Watsons"
"TP","2026-03","TCC140013","12","Watsons"
"TP","2026-03","TCC140014","12","Watsons"
"TP","2026-03","TCC140015","14","Watsons"
"TP","2026-03","TCC140016","7","Watsons"
"TP","2026-03","TCP133001","462","Watsons"
"TP","2026-03","TCP133004","556","Watsons"
"TP","2026-03","TCP133005","118","Watsons"
"TP","2026-03","TCP133006","284","Watsons"
"TP","2026-03","TCP133008","144","Watsons"
"TP","2026-03","TCP133009","712","Watsons"
"TP","2026-03","TCP133011","291","Watsons"
"TP","2026-03","TCP133013","104","Watsons"
"TP","2026-03","TDW106000","20","Watsons"
"TP","2026-03","TGG107001","21","Watsons"
"TP","2026-03","TGG107002","19","Watsons"
"TP","2026-03","TGG107003","6","Watsons"
"TP","2026-03","TSH119002","21","Watsons"
"TP","2026-03","TSH119003","42","Watsons"
"TP","2026-03","TSH119005","11","Watsons"
"TP","2026-03","TYX109001","36","Watsons"
"TP","2026-03","TYX109002","23","Watsons"
"TP","2026-04","TCC102001","117","Watsons"
"TP","2026-04","TCC102006","231","Watsons"
"TP","2026-04","TCC102007","407","Watsons"
"TP","2026-04","TCC102008","164","Watsons"
"TP","2026-04","TCC102009","168","Watsons"
"TP","2026-04","TCC102010","71","Watsons"
"TP","2026-04","TCC102011","356","Watsons"
"TP","2026-04","TCC102012","98","Watsons"
"TP","2026-04","TCC102014","3","Watsons"
"TP","2026-04","TCC102016","57","Watsons"
"TP","2026-04","TCC102017","69","Watsons"
"TP","2026-04","TCC102018","43","Watsons"
"TP","2026-04","TCC102401","168","Watsons"
"TP","2026-04","TCC102402","94","Watsons"
"TP","2026-04","TCC102403","26","Watsons"
"TP","2026-04","TCC102404","11","Watsons"
"TP","2026-04","TCC104001","34","Watsons"
"TP","2026-04","TCC104002","3","Watsons"
"TP","2026-04","TCC104003","15","Watsons"
"TP","2026-04","TCC104005","21","Watsons"
"TP","2026-04","TCC104007","5","Watsons"
"TP","2026-04","TCC104008","54","Watsons"
"TP","2026-04","TCC104009","5","Watsons"
"TP","2026-04","TCC104012","5","Watsons"
"TP","2026-04","TCC104041","10","Watsons"
"TP","2026-04","TCC104042","46","Watsons"
"TP","2026-04","TCC104043","28","Watsons"
"TP","2026-04","TCC104044","43","Watsons"
"TP","2026-04","TCC108001","65","Watsons"
"TP","2026-04","TCC108002","41","Watsons"
"TP","2026-04","TCC108005","51","Watsons"
"TP","2026-04","TCC108007","54","Watsons"
"TP","2026-04","TCC108010","29","Watsons"
"TP","2026-04","TCC108012","30","Watsons"
"TP","2026-04","TCC123001","21","Watsons"
"TP","2026-04","TCC123002","15","Watsons"
"TP","2026-04","TCC123003","4","Watsons"
"TP","2026-04","TCC123004","5","Watsons"
"TP","2026-04","TCC123005","4","Watsons"
"TP","2026-04","TCC138001","36","Watsons"
"TP","2026-04","TCC138002","132","Watsons"
"TP","2026-04","TCC138003","172","Watsons"
"TP","2026-04","TCC138004","102","Watsons"
"TP","2026-04","TCC138005","133","Watsons"
"TP","2026-04","TCC138007","327","Watsons"
"TP","2026-04","TCC138008","36","Watsons"
"TP","2026-04","TCC138009","22","Watsons"
"TP","2026-04","TCC140001","19","Watsons"
"TP","2026-04","TCC140002","16","Watsons"
"TP","2026-04","TCC140006","18","Watsons"
"TP","2026-04","TCC140007","5","Watsons"
"TP","2026-04","TCC140009","12","Watsons"
"TP","2026-04","TCC140012","22","Watsons"
"TP","2026-04","TCC140013","10","Watsons"
"TP","2026-04","TCC140014","12","Watsons"
"TP","2026-04","TCC140015","10","Watsons"
"TP","2026-04","TCC140016","11","Watsons"
"TP","2026-04","TCP133001","188","Watsons"
"TP","2026-04","TCP133004","206","Watsons"
"TP","2026-04","TCP133005","59","Watsons"
"TP","2026-04","TCP133006","88","Watsons"
"TP","2026-04","TCP133008","67","Watsons"
"TP","2026-04","TCP133009","367","Watsons"
"TP","2026-04","TCP133011","76","Watsons"
"TP","2026-04","TCP133013","46","Watsons"
"TP","2026-04","TDW106000","12","Watsons"
"TP","2026-04","TGG107001","13","Watsons"
"TP","2026-04","TGG107002","10","Watsons"
"TP","2026-04","TGG107003","4","Watsons"
"TP","2026-04","TSH119002","9","Watsons"
"TP","2026-04","TSH119003","21","Watsons"
"TP","2026-04","TSH119005","5","Watsons"
"TP","2026-04","TYX109001","24","Watsons"
"TP","2026-04","TYX109002","16","Watsons"
"TP","2026-04","未對照-312004","1","Watsons"
"TP","2026-05","TCC102001","134","Watsons"
"TP","2026-05","TCC102006","229","Watsons"
"TP","2026-05","TCC102007","367","Watsons"
"TP","2026-05","TCC102008","137","Watsons"
"TP","2026-05","TCC102009","146","Watsons"
"TP","2026-05","TCC102010","68","Watsons"
"TP","2026-05","TCC102011","306","Watsons"
"TP","2026-05","TCC102012","99","Watsons"
"TP","2026-05","TCC102015","1","Watsons"
"TP","2026-05","TCC102016","60","Watsons"
"TP","2026-05","TCC102017","65","Watsons"
"TP","2026-05","TCC102018","46","Watsons"
"TP","2026-05","TCC102401","125","Watsons"
"TP","2026-05","TCC102402","115","Watsons"
"TP","2026-05","TCC102403","16","Watsons"
"TP","2026-05","TCC102404","6","Watsons"
"TP","2026-05","TCC104001","31","Watsons"
"TP","2026-05","TCC104002","7","Watsons"
"TP","2026-05","TCC104003","13","Watsons"
"TP","2026-05","TCC104005","26","Watsons"
"TP","2026-05","TCC104007","12","Watsons"
"TP","2026-05","TCC104008","49","Watsons"
"TP","2026-05","TCC104009","6","Watsons"
"TP","2026-05","TCC104012","6","Watsons"
"TP","2026-05","TCC104041","7","Watsons"
"TP","2026-05","TCC104042","40","Watsons"
"TP","2026-05","TCC104043","29","Watsons"
"TP","2026-05","TCC104044","53","Watsons"
"TP","2026-05","TCC108001","91","Watsons"
"TP","2026-05","TCC108002","48","Watsons"
"TP","2026-05","TCC108005","63","Watsons"
"TP","2026-05","TCC108007","67","Watsons"
"TP","2026-05","TCC108010","34","Watsons"
"TP","2026-05","TCC108012","84","Watsons"
"TP","2026-05","TCC123001","17","Watsons"
"TP","2026-05","TCC123002","27","Watsons"
"TP","2026-05","TCC123003","11","Watsons"
"TP","2026-05","TCC123004","3","Watsons"
"TP","2026-05","TCC123005","5","Watsons"
"TP","2026-05","TCC138001","23","Watsons"
"TP","2026-05","TCC138002","98","Watsons"
"TP","2026-05","TCC138003","131","Watsons"
"TP","2026-05","TCC138004","68","Watsons"
"TP","2026-05","TCC138005","72","Watsons"
"TP","2026-05","TCC138007","176","Watsons"
"TP","2026-05","TCC138008","27","Watsons"
"TP","2026-05","TCC138009","15","Watsons"
"TP","2026-05","TCC140001","22","Watsons"
"TP","2026-05","TCC140002","25","Watsons"
"TP","2026-05","TCC140006","32","Watsons"
"TP","2026-05","TCC140007","17","Watsons"
"TP","2026-05","TCC140009","33","Watsons"
"TP","2026-05","TCC140012","62","Watsons"
"TP","2026-05","TCC140013","19","Watsons"
"TP","2026-05","TCC140014","21","Watsons"
"TP","2026-05","TCC140015","25","Watsons"
"TP","2026-05","TCC140016","17","Watsons"
"TP","2026-05","TCP133001","181","Watsons"
"TP","2026-05","TCP133004","177","Watsons"
"TP","2026-05","TCP133005","24","Watsons"
"TP","2026-05","TCP133006","63","Watsons"
"TP","2026-05","TCP133008","65","Watsons"
"TP","2026-05","TCP133009","288","Watsons"
"TP","2026-05","TCP133011","77","Watsons"
"TP","2026-05","TCP133013","49","Watsons"
"TP","2026-05","TDW106000","24","Watsons"
"TP","2026-05","TGG107001","14","Watsons"
"TP","2026-05","TGG107002","10","Watsons"
"TP","2026-05","TGG107003","5","Watsons"
"TP","2026-05","TSH119002","4","Watsons"
"TP","2026-05","TSH119003","11","Watsons"
"TP","2026-05","TSH119005","2","Watsons"
"TP","2026-05","TYX109001","34","Watsons"
"TP","2026-05","TYX109002","20","Watsons"
"TP","2026-06","TCC102001","119","Watsons"
"TP","2026-06","TCC102006","279","Watsons"
"TP","2026-06","TCC102007","355","Watsons"
"TP","2026-06","TCC102008","160","Watsons"
"TP","2026-06","TCC102009","227","Watsons"
"TP","2026-06","TCC102010","68","Watsons"
"TP","2026-06","TCC102011","241","Watsons"
"TP","2026-06","TCC102012","84","Watsons"
"TP","2026-06","TCC102014","1","Watsons"
"TP","2026-06","TCC102016","74","Watsons"
"TP","2026-06","TCC102017","74","Watsons"
"TP","2026-06","TCC102018","47","Watsons"
"TP","2026-06","TCC102401","125","Watsons"
"TP","2026-06","TCC102402","92","Watsons"
"TP","2026-06","TCC102403","28","Watsons"
"TP","2026-06","TCC102404","11","Watsons"
"TP","2026-06","TCC104001","14","Watsons"
"TP","2026-06","TCC104002","14","Watsons"
"TP","2026-06","TCC104003","20","Watsons"
"TP","2026-06","TCC104005","24","Watsons"
"TP","2026-06","TCC104007","12","Watsons"
"TP","2026-06","TCC104008","52","Watsons"
"TP","2026-06","TCC104009","11","Watsons"
"TP","2026-06","TCC104012","11","Watsons"
"TP","2026-06","TCC104041","16","Watsons"
"TP","2026-06","TCC104042","30","Watsons"
"TP","2026-06","TCC104043","43","Watsons"
"TP","2026-06","TCC104044","37","Watsons"
"TP","2026-06","TCC108001","66","Watsons"
"TP","2026-06","TCC108002","52","Watsons"
"TP","2026-06","TCC108005","56","Watsons"
"TP","2026-06","TCC108007","45","Watsons"
"TP","2026-06","TCC108010","35","Watsons"
"TP","2026-06","TCC108012","40","Watsons"
"TP","2026-06","TCC123001","24","Watsons"
"TP","2026-06","TCC123002","14","Watsons"
"TP","2026-06","TCC123003","9","Watsons"
"TP","2026-06","TCC123004","17","Watsons"
"TP","2026-06","TCC123005","8","Watsons"
"TP","2026-06","TCC138001","20","Watsons"
"TP","2026-06","TCC138002","117","Watsons"
"TP","2026-06","TCC138003","172","Watsons"
"TP","2026-06","TCC138004","73","Watsons"
"TP","2026-06","TCC138005","112","Watsons"
"TP","2026-06","TCC138007","188","Watsons"
"TP","2026-06","TCC138008","36","Watsons"
"TP","2026-06","TCC138009","27","Watsons"
"TP","2026-06","TCC140001","22","Watsons"
"TP","2026-06","TCC140002","30","Watsons"
"TP","2026-06","TCC140006","26","Watsons"
"TP","2026-06","TCC140007","13","Watsons"
"TP","2026-06","TCC140009","27","Watsons"
"TP","2026-06","TCC140012","34","Watsons"
"TP","2026-06","TCC140013","22","Watsons"
"TP","2026-06","TCC140014","24","Watsons"
"TP","2026-06","TCC140015","14","Watsons"
"TP","2026-06","TCC140016","14","Watsons"
"TP","2026-06","TCP133001","123","Watsons"
"TP","2026-06","TCP133004","100","Watsons"
"TP","2026-06","TCP133005","29","Watsons"
"TP","2026-06","TCP133006","68","Watsons"
"TP","2026-06","TCP133008","42","Watsons"
"TP","2026-06","TCP133009","162","Watsons"
"TP","2026-06","TCP133011","59","Watsons"
"TP","2026-06","TCP133013","30","Watsons"
"TP","2026-06","TDW106000","38","Watsons"
"TP","2026-06","TGG107001","29","Watsons"
"TP","2026-06","TGG107002","28","Watsons"
"TP","2026-06","TGG107003","3","Watsons"
"TP","2026-06","TQD11300N","197","Watsons"
"TP","2026-06","TQD11301N","250","Watsons"
"TP","2026-06","TQD11302N","212","Watsons"
"TP","2026-06","TSH119002","16","Watsons"
"TP","2026-06","TSH119003","19","Watsons"
"TP","2026-06","TSH119005","13","Watsons"
"TP","2026-06","TYX109001","52","Watsons"
"TP","2026-06","TYX109002","34","Watsons"
"TP","2026-07","TCC102001","38","Watsons"
"TP","2026-07","TCC102006","83","Watsons"
"TP","2026-07","TCC102007","127","Watsons"
"TP","2026-07","TCC102008","43","Watsons"
"TP","2026-07","TCC102009","92","Watsons"
"TP","2026-07","TCC102010","19","Watsons"
"TP","2026-07","TCC102011","83","Watsons"
"TP","2026-07","TCC102012","35","Watsons"
"TP","2026-07","TCC102014","1","Watsons"
"TP","2026-07","TCC102016","22","Watsons"
"TP","2026-07","TCC102017","30","Watsons"
"TP","2026-07","TCC102018","22","Watsons"
"TP","2026-07","TCC102401","48","Watsons"
"TP","2026-07","TCC102402","39","Watsons"
"TP","2026-07","TCC102403","6","Watsons"
"TP","2026-07","TCC102404","6","Watsons"
"TP","2026-07","TCC104001","4","Watsons"
"TP","2026-07","TCC104002","3","Watsons"
"TP","2026-07","TCC104003","7","Watsons"
"TP","2026-07","TCC104005","8","Watsons"
"TP","2026-07","TCC104007","2","Watsons"
"TP","2026-07","TCC104008","18","Watsons"
"TP","2026-07","TCC104009","8","Watsons"
"TP","2026-07","TCC104012","4","Watsons"
"TP","2026-07","TCC104041","2","Watsons"
"TP","2026-07","TCC104042","18","Watsons"
"TP","2026-07","TCC104043","17","Watsons"
"TP","2026-07","TCC104044","22","Watsons"
"TP","2026-07","TCC108001","15","Watsons"
"TP","2026-07","TCC108002","21","Watsons"
"TP","2026-07","TCC108005","17","Watsons"
"TP","2026-07","TCC108007","11","Watsons"
"TP","2026-07","TCC108010","11","Watsons"
"TP","2026-07","TCC108012","8","Watsons"
"TP","2026-07","TCC123001","7","Watsons"
"TP","2026-07","TCC123002","7","Watsons"
"TP","2026-07","TCC123003","2","Watsons"
"TP","2026-07","TCC123004","15","Watsons"
"TP","2026-07","TCC123005","7","Watsons"
"TP","2026-07","TCC138001","9","Watsons"
"TP","2026-07","TCC138002","28","Watsons"
"TP","2026-07","TCC138003","45","Watsons"
"TP","2026-07","TCC138004","20","Watsons"
"TP","2026-07","TCC138005","33","Watsons"
"TP","2026-07","TCC138007","55","Watsons"
"TP","2026-07","TCC138008","13","Watsons"
"TP","2026-07","TCC138009","15","Watsons"
"TP","2026-07","TCC140001","7","Watsons"
"TP","2026-07","TCC140002","10","Watsons"
"TP","2026-07","TCC140006","10","Watsons"
"TP","2026-07","TCC140007","6","Watsons"
"TP","2026-07","TCC140009","13","Watsons"
"TP","2026-07","TCC140012","11","Watsons"
"TP","2026-07","TCC140013","7","Watsons"
"TP","2026-07","TCC140014","7","Watsons"
"TP","2026-07","TCC140015","13","Watsons"
"TP","2026-07","TCC140016","9","Watsons"
"TP","2026-07","TCP133001","42","Watsons"
"TP","2026-07","TCP133004","33","Watsons"
"TP","2026-07","TCP133005","9","Watsons"
"TP","2026-07","TCP133006","18","Watsons"
"TP","2026-07","TCP133008","19","Watsons"
"TP","2026-07","TCP133009","73","Watsons"
"TP","2026-07","TCP133011","27","Watsons"
"TP","2026-07","TCP133013","4","Watsons"
"TP","2026-07","TDW106000","13","Watsons"
"TP","2026-07","TGG107001","16","Watsons"
"TP","2026-07","TGG107002","11","Watsons"
"TP","2026-07","TGG107003","1","Watsons"
"TP","2026-07","TQD11300N","126","Watsons"
"TP","2026-07","TQD11301N","145","Watsons"
"TP","2026-07","TQD11302N","108","Watsons"
"TP","2026-07","TSH119002","6","Watsons"
"TP","2026-07","TSH119003","9","Watsons"
"TP","2026-07","TSH119005","2","Watsons"
"TP","2026-07","TYX109001","15","Watsons"
"TP","2026-07","TYX109002","13","Watsons"
